PLAN_ID,CREDITOS,MEDIA,CURSO_INICIO,NOTA_PAU_FISICA,NOTA_PAU_MATEMATICAS II,NOTA_PAU_CALIFICACION,PLAN_DESC,NOTA_FUNDAMENTOS DE PROGRAMACIÓN,NOTA_ONDAS ELECTROMAGNÉTICAS,NOTA_SISTEMAS Y CIRCUITOS,NOTA_TEORÍA DE LA COMUNICACIÓN,MATRICS_HASTA_PRESENTARSE_1RA_VEZ_FUNDAMENTOS DE PROGRAMACIÓN,MATRICS_HASTA_PRESENTARSE_1RA_VEZ_ONDAS ELECTROMAGNÉTICAS,MATRICS_HASTA_PRESENTARSE_1RA_VEZ_SISTEMAS Y CIRCUITOS,MATRICS_HASTA_PRESENTARSE_1RA_VEZ_TEORÍA DE LA COMUNICACIÓN,MATRICS_TOTALES_FUNDAMENTOS DE PROGRAMACIÓN,MATRICS_TOTALES_ONDAS ELECTROMAGNÉTICAS,MATRICS_TOTALES_SISTEMAS Y CIRCUITOS,MATRICS_TOTALES_TEORÍA DE LA COMUNICACIÓN,CONVOCS_HASTA_PRESENTARSE_1RA_VEZ_FUNDAMENTOS DE PROGRAMACIÓN,CONVOCS_HASTA_PRESENTARSE_1RA_VEZ_ONDAS ELECTROMAGNÉTICAS,CONVOCS_HASTA_PRESENTARSE_1RA_VEZ_SISTEMAS Y CIRCUITOS,CONVOCS_HASTA_PRESENTARSE_1RA_VEZ_TEORÍA DE LA COMUNICACIÓN,CONVOCS_TOTALES_FUNDAMENTOS DE PROGRAMACIÓN,CONVOCS_TOTALES_ONDAS ELECTROMAGNÉTICAS,CONVOCS_TOTALES_SISTEMAS Y CIRCUITOS,CONVOCS_TOTALES_TEORÍA DE LA COMUNICACIÓN
5041,234.0,8.810897435897436,2010-11,9.6,9.8,9.34,GRADO EN INGENIERÍA EN SISTEMAS DE TELECOMUNICACIÓN (BOE 20-04-2011),8.6,7.0,7.3,9.8,1.0,1.0,1.0,1.0,1.0,1.0,1.0,1.0,1.0,2.0,1.0,1.0,1.0,2.0,1.0,1.0
5041,222.0,7.472972972972973,2010-11,2.3,9.25,7.43,GRADO EN INGENIERÍA EN SISTEMAS DE TELECOMUNICACIÓN (BOE 20-04-2011),5.0,5.5,5.3,7.0,1.0,1.0,1.0,1.0,1.0,2.0,1.0,1.0,2.0,1.0,1.0,1.0,2.0,4.0,1.0,1.0
5041,228.0,8.051315789473684,2010-11,8.7,7.25,8.1,GRADO EN INGENIERÍA EN SISTEMAS DE TELECOMUNICACIÓN (BOE 20-04-2011),6.9,5.5,10.0,7.3,1.0,1.0,1.0,1.0,1.0,1.0,1.0,1.0,1.0,2.0,1.0,1.0,1.0,2.0,1.0,1.0
5041,222.0,8.673648648648648,2010-11,9.8,9.0,9.15,GRADO EN INGENIERÍA EN SISTEMAS DE TELECOMUNICACIÓN (BOE 20-04-2011),9.0,6.0,10.0,9.0,1.0,1.0,1.0,1.0,1.0,1.0,1.0,1.0,1.0,3.0,1.0,1.0,1.0,3.0,1.0,1.0
5041,240.0,7.425,2010-11,4.1,9.0,7.97,GRADO EN INGENIERÍA EN SISTEMAS DE TELECOMUNICACIÓN (BOE 20-04-2011),8.4,6.3,7.1,7.5,1.0,1.0,1.0,1.0,1.0,2.0,2.0,1.0,2.0,2.0,1.0,1.0,2.0,4.0,3.0,1.0
5041,228.0,8.045394736842105,2010-11,8.9,9.5,9.27,GRADO EN INGENIERÍA EN SISTEMAS DE TELECOMUNICACIÓN (BOE 20-04-2011),5.3,8.2,9.0,9.1,1.0,1.0,1.0,1.0,1.0,1.0,1.0,1.0,1.0,3.0,1.0,1.0,1.0,3.0,1.0,1.0
5041,126.0,6.536904761904761,2010-11,1.2,,7.92,GRADO EN INGENIERÍA EN SISTEMAS DE TELECOMUNICACIÓN (BOE 20-04-2011),5.4,,6.2,5.0,1.0,,1.0,1.0,1.0,,1.0,1.0,1.0,,1.0,1.0,1.0,,1.0,1.0
5041,228.0,9.070394736842106,2010-11,,9.75,9.66,GRADO EN INGENIERÍA EN SISTEMAS DE TELECOMUNICACIÓN (BOE 20-04-2011),8.4,9.0,9.0,9.8,1.0,1.0,1.0,1.0,1.0,1.0,1.0,1.0,1.0,1.0,1.0,1.0,1.0,1.0,1.0,1.0
5041,216.0,6.871527777777778,2010-11,,6.3,7.83,GRADO EN INGENIERÍA EN SISTEMAS DE TELECOMUNICACIÓN (BOE 20-04-2011),6.1,5.6,6.5,5.8,1.0,1.0,1.0,1.0,1.0,2.0,1.0,1.0,3.0,2.0,1.0,1.0,3.0,6.0,1.0,1.0
5041,228.0,9.088815789473685,2010-11,6.2,9.75,9.09,GRADO EN INGENIERÍA EN SISTEMAS DE TELECOMUNICACIÓN (BOE 20-04-2011),9.3,7.5,8.1,9.3,1.0,1.0,1.0,1.0,1.0,1.0,1.0,1.0,1.0,1.0,1.0,1.0,1.0,1.0,1.0,1.0
5041,204.0,6.915441176470588,2010-11,,,6.65,GRADO EN INGENIERÍA EN SISTEMAS DE TELECOMUNICACIÓN (BOE 20-04-2011),5.3,5.0,5.4,7.8,1.0,1.0,1.0,2.0,1.0,1.0,1.0,2.0,3.0,2.0,2.0,4.0,3.0,2.0,2.0,4.0
5041,234.0,7.9750000000000005,2010-11,,8.5,9.0,GRADO EN INGENIERÍA EN SISTEMAS DE TELECOMUNICACIÓN (BOE 20-04-2011),5.6,7.5,6.4,7.1,1.0,1.0,1.0,1.0,1.0,1.0,1.0,1.0,1.0,3.0,1.0,1.0,1.0,3.0,1.0,1.0
5041,222.0,7.041891891891892,2010-11,5.15,9.0,8.71,GRADO EN INGENIERÍA EN SISTEMAS DE TELECOMUNICACIÓN (BOE 20-04-2011),6.8,6.2,5.2,7.0,1.0,1.0,1.0,1.0,1.0,1.0,2.0,1.0,3.0,2.0,1.0,1.0,3.0,2.0,3.0,1.0
5041,216.0,7.241666666666667,2010-11,,9.75,8.18,GRADO EN INGENIERÍA EN SISTEMAS DE TELECOMUNICACIÓN (BOE 20-04-2011),5.7,5.0,5.1,6.2,1.0,3.0,1.0,2.0,1.0,3.0,1.0,3.0,1.0,9.0,1.0,4.0,1.0,9.0,1.0,6.0
5041,192.0,7.2046874999999995,2010-11,5.4,10.0,7.32,GRADO EN INGENIERÍA EN SISTEMAS DE TELECOMUNICACIÓN (BOE 20-04-2011),,5.0,7.4,5.9,,1.0,1.0,1.0,,1.0,1.0,1.0,,3.0,1.0,1.0,,3.0,1.0,1.0
5041,120.0,6.25625,2010-11,7.7,5.25,7.38,GRADO EN INGENIERÍA EN SISTEMAS DE TELECOMUNICACIÓN (BOE 20-04-2011),,5.5,5.0,5.2,,2.0,1.0,1.0,,4.0,2.0,3.0,,4.0,1.0,2.0,,11.0,4.0,7.0
5041,198.0,7.488636363636363,2010-11,3.2,5.4,7.01,GRADO EN INGENIERÍA EN SISTEMAS DE TELECOMUNICACIÓN (BOE 20-04-2011),,5.9,7.4,7.7,,1.0,1.0,2.0,,2.0,1.0,2.0,,3.0,1.0,4.0,,4.0,1.0,4.0
5041,186.0,6.999193548387097,2010-11,7.3,7.65,7.96,GRADO EN INGENIERÍA EN SISTEMAS DE TELECOMUNICACIÓN (BOE 20-04-2011),,6.6,6.0,7.8,,3.0,1.0,2.0,,3.0,1.0,3.0,,7.0,1.0,5.0,,7.0,1.0,6.0
5041,180.0,6.744166666666667,2010-11,3.0,7.75,7.51,GRADO EN INGENIERÍA EN SISTEMAS DE TELECOMUNICACIÓN (BOE 20-04-2011),5.0,5.6,5.0,6.1,1.0,2.0,1.0,1.0,1.0,2.0,1.0,1.0,3.0,6.0,1.0,2.0,3.0,6.0,1.0,2.0
5041,210.0,6.968571428571428,2010-11,4.7,7.5,6.73,GRADO EN INGENIERÍA EN SISTEMAS DE TELECOMUNICACIÓN (BOE 20-04-2011),,5.8,8.5,7.2,,2.0,1.0,1.0,,2.0,1.0,1.0,,6.0,1.0,2.0,,6.0,1.0,2.0
5041,198.0,6.781060606060606,2010-11,5.2,9.5,7.78,GRADO EN INGENIERÍA EN SISTEMAS DE TELECOMUNICACIÓN (BOE 20-04-2011),,5.8,6.4,7.1,,1.0,1.0,2.0,,1.0,1.0,2.0,,1.0,1.0,4.0,,1.0,1.0,4.0
5041,186.0,6.6645161290322585,2010-11,1.9,6.0,7.29,GRADO EN INGENIERÍA EN SISTEMAS DE TELECOMUNICACIÓN (BOE 20-04-2011),,5.1,6.7,7.0,,2.0,1.0,1.0,,3.0,2.0,2.0,,6.0,2.0,2.0,,8.0,3.0,4.0
5041,140.0,6.991428571428571,2010-11,1.3,8.0,7.04,GRADO EN INGENIERÍA EN SISTEMAS DE TELECOMUNICACIÓN (BOE 20-04-2011),7.4,7.0,7.6,5.3,4.0,2.0,1.0,1.0,4.0,3.0,3.0,1.0,10.0,6.0,1.0,2.0,10.0,8.0,6.0,2.0
5041,210.0,6.9157142857142855,2011-12,,5.0,7.62,GRADO EN INGENIERÍA EN SISTEMAS DE TELECOMUNICACIÓN (BOE 20-04-2011),9.0,6.1,5.4,7.0,1.0,2.0,1.0,1.0,1.0,2.0,2.0,1.0,2.0,5.0,1.0,2.0,2.0,5.0,3.0,2.0
5041,221.0,6.839819004524887,2011-12,5.2,1.75,5.95,GRADO EN INGENIERÍA EN SISTEMAS DE TELECOMUNICACIÓN (BOE 20-04-2011),8.1,6.3,5.2,7.0,1.0,1.0,1.0,1.0,1.0,1.0,2.0,2.0,2.0,1.0,2.0,2.0,2.0,1.0,4.0,4.0
5041,180.0,7.0586111111111105,2011-12,,6.75,7.92,GRADO EN INGENIERÍA EN SISTEMAS DE TELECOMUNICACIÓN (BOE 20-04-2011),7.0,5.5,5.0,5.9,1.0,1.0,1.0,1.0,3.0,2.0,2.0,2.0,3.0,1.0,1.0,2.0,7.0,5.0,3.0,4.0
5041,139.5,6.094623655913978,2011-12,5.4,5.0,6.52,GRADO EN INGENIERÍA EN SISTEMAS DE TELECOMUNICACIÓN (BOE 20-04-2011),5.5,,5.4,6.0,1.0,,1.0,1.0,1.0,,1.0,1.0,1.0,,1.0,1.0,1.0,,1.0,1.0
5041,243.0,9.55925925925926,2011-12,9.8,7.5,8.71,GRADO EN INGENIERÍA EN SISTEMAS DE TELECOMUNICACIÓN (BOE 20-04-2011),10.0,10.0,9.0,9.8,1.0,1.0,1.0,1.0,1.0,1.0,1.0,1.0,1.0,1.0,1.0,1.0,1.0,1.0,1.0,1.0
5041,234.0,8.719871794871795,2011-12,9.0,5.1,9.28,GRADO EN INGENIERÍA EN SISTEMAS DE TELECOMUNICACIÓN (BOE 20-04-2011),9.5,6.4,8.3,9.1,1.0,1.0,1.0,1.0,1.0,1.0,1.0,1.0,1.0,1.0,1.0,1.0,1.0,1.0,1.0,1.0
5041,204.0,7.358088235294117,2011-12,7.8,8.75,8.89,GRADO EN INGENIERÍA EN SISTEMAS DE TELECOMUNICACIÓN (BOE 20-04-2011),7.6,5.6,6.3,7.0,1.0,1.0,1.0,1.0,1.0,2.0,1.0,1.0,1.0,2.0,2.0,1.0,1.0,4.0,2.0,1.0
5041,198.0,7.087878787878789,2011-12,9.3,5.5,8.19,GRADO EN INGENIERÍA EN SISTEMAS DE TELECOMUNICACIÓN (BOE 20-04-2011),7.2,5.8,7.2,7.2,1.0,2.0,2.0,1.0,1.0,2.0,2.0,1.0,2.0,5.0,3.0,2.0,2.0,5.0,3.0,2.0
5041,204.0,7.115441176470588,2011-12,7.2,7.25,8.16,GRADO EN INGENIERÍA EN SISTEMAS DE TELECOMUNICACIÓN (BOE 20-04-2011),5.3,5.6,6.2,6.4,1.0,1.0,1.0,1.0,1.0,1.0,2.0,2.0,1.0,2.0,1.0,1.0,1.0,2.0,3.0,4.0
5041,204.0,6.694117647058823,2011-12,4.6,5.25,7.8,GRADO EN INGENIERÍA EN SISTEMAS DE TELECOMUNICACIÓN (BOE 20-04-2011),5.0,5.9,6.0,6.1,1.0,1.0,1.0,1.0,1.0,2.0,1.0,1.0,1.0,2.0,2.0,1.0,1.0,4.0,2.0,1.0
5041,192.0,6.99140625,2011-12,6.4,9.5,7.96,GRADO EN INGENIERÍA EN SISTEMAS DE TELECOMUNICACIÓN (BOE 20-04-2011),7.5,6.2,7.8,7.0,1.0,1.0,1.0,1.0,1.0,1.0,1.0,1.0,2.0,3.0,1.0,1.0,2.0,3.0,1.0,1.0
5041,222.0,6.816891891891891,2011-12,5.9,8.75,7.01,GRADO EN INGENIERÍA EN SISTEMAS DE TELECOMUNICACIÓN (BOE 20-04-2011),7.7,6.0,6.6,6.2,1.0,1.0,1.0,1.0,1.0,2.0,1.0,1.0,1.0,3.0,1.0,2.0,1.0,4.0,1.0,2.0
5041,222.0,7.34054054054054,2011-12,10.0,5.3,8.61,GRADO EN INGENIERÍA EN SISTEMAS DE TELECOMUNICACIÓN (BOE 20-04-2011),9.3,7.7,7.4,6.2,1.0,1.0,1.0,2.0,1.0,1.0,1.0,2.0,1.0,3.0,1.0,3.0,1.0,3.0,1.0,3.0
5041,199.5,7.029323308270676,2011-12,7.5,3.5,8.65,GRADO EN INGENIERÍA EN SISTEMAS DE TELECOMUNICACIÓN (BOE 20-04-2011),5.8,6.0,6.4,7.0,1.0,3.0,1.0,1.0,1.0,3.0,2.0,1.0,1.0,7.0,1.0,1.0,1.0,7.0,3.0,1.0
5041,169.5,6.639823008849558,2011-12,5.8,2.25,6.66,GRADO EN INGENIERÍA EN SISTEMAS DE TELECOMUNICACIÓN (BOE 20-04-2011),7.9,6.2,5.0,5.0,1.0,1.0,2.0,1.0,1.0,2.0,2.0,1.0,2.0,1.0,3.0,1.0,2.0,5.0,3.0,1.0
5041,168.0,6.585714285714286,2011-12,2.4,2.5,5.54,GRADO EN INGENIERÍA EN SISTEMAS DE TELECOMUNICACIÓN (BOE 20-04-2011),5.0,5.7,5.8,5.0,1.0,1.0,2.0,1.0,4.0,2.0,2.0,2.0,1.0,1.0,5.0,2.0,11.0,5.0,5.0,3.0
5041,120.0,6.31875,2011-12,5.6,4.0,6.09,GRADO EN INGENIERÍA EN SISTEMAS DE TELECOMUNICACIÓN (BOE 20-04-2011),5.0,5.9,5.8,5.0,1.0,1.0,2.0,1.0,4.0,3.0,3.0,3.0,1.0,1.0,4.0,2.0,12.0,7.0,8.0,6.0
5041,132.0,6.711363636363637,2011-12,4.1,5.25,5.77,GRADO EN INGENIERÍA EN SISTEMAS DE TELECOMUNICACIÓN (BOE 20-04-2011),8.4,5.3,,,1.0,1.0,,,2.0,3.0,,,3.0,2.0,,,4.0,8.0,,
5041,205.5,7.97956204379562,2011-12,,2.8,6.18,GRADO EN INGENIERÍA EN SISTEMAS DE TELECOMUNICACIÓN (BOE 20-04-2011),7.3,,8.1,7.0,2.0,,2.0,1.0,2.0,,2.0,1.0,4.0,,4.0,1.0,4.0,,4.0,1.0
5041,210.0,7.1414285714285715,2011-12,7.7,9.0,8.17,GRADO EN INGENIERÍA EN SISTEMAS DE TELECOMUNICACIÓN (BOE 20-04-2011),9.1,5.8,9.0,6.7,1.0,1.0,1.0,1.0,1.0,1.0,1.0,2.0,2.0,3.0,2.0,2.0,2.0,3.0,2.0,3.0
5041,157.5,6.423809523809524,2011-12,0.0,6.2,5.22,GRADO EN INGENIERÍA EN SISTEMAS DE TELECOMUNICACIÓN (BOE 20-04-2011),7.9,5.2,5.4,5.8,1.0,1.0,2.0,2.0,1.0,2.0,2.0,4.0,2.0,1.0,3.0,4.0,2.0,6.0,3.0,7.0
5041,181.5,6.844628099173553,2011-12,,2.0,6.67,GRADO EN INGENIERÍA EN SISTEMAS DE TELECOMUNICACIÓN (BOE 20-04-2011),5.2,7.0,6.6,6.4,1.0,1.0,1.0,1.0,2.0,2.0,2.0,2.0,2.0,1.0,2.0,1.0,6.0,4.0,4.0,3.0
5041,180.0,6.814166666666666,2011-12,,8.0,7.7,GRADO EN INGENIERÍA EN SISTEMAS DE TELECOMUNICACIÓN (BOE 20-04-2011),5.0,6.0,6.7,6.4,1.0,1.0,1.0,1.0,1.0,2.0,1.0,3.0,1.0,2.0,1.0,2.0,1.0,5.0,1.0,6.0
5041,234.0,8.131410256410257,2011-12,7.2,8.9,8.67,GRADO EN INGENIERÍA EN SISTEMAS DE TELECOMUNICACIÓN (BOE 20-04-2011),8.0,6.0,7.1,9.0,1.0,1.0,1.0,1.0,1.0,1.0,1.0,1.0,1.0,1.0,1.0,1.0,1.0,1.0,1.0,1.0
5041,198.0,6.808333333333333,2011-12,1.0,1.25,5.71,GRADO EN INGENIERÍA EN SISTEMAS DE TELECOMUNICACIÓN (BOE 20-04-2011),5.0,5.6,7.0,5.4,2.0,1.0,2.0,1.0,2.0,2.0,2.0,1.0,6.0,2.0,4.0,2.0,6.0,4.0,4.0,2.0
5041,156.0,7.063461538461539,2011-12,6.6,8.35,8.53,GRADO EN INGENIERÍA EN SISTEMAS DE TELECOMUNICACIÓN (BOE 20-04-2011),,7.5,,7.6,,1.0,,1.0,,3.0,,1.0,,3.0,,1.0,,9.0,,1.0
5041,183.0,6.640163934426229,2011-12,6.8,6.0,6.18,GRADO EN INGENIERÍA EN SISTEMAS DE TELECOMUNICACIÓN (BOE 20-04-2011),5.0,6.1,5.6,5.1,2.0,1.0,2.0,1.0,2.0,2.0,2.0,2.0,5.0,1.0,3.0,1.0,5.0,5.0,3.0,3.0
5041,174.0,6.646551724137931,2011-12,4.8,6.0,6.08,GRADO EN INGENIERÍA EN SISTEMAS DE TELECOMUNICACIÓN (BOE 20-04-2011),6.1,5.3,6.6,7.0,1.0,1.0,1.0,1.0,1.0,4.0,1.0,1.0,1.0,3.0,2.0,1.0,1.0,10.0,2.0,1.0
5041,195.0,6.955384615384615,2012-13,,9.5,7.76,GRADO EN INGENIERÍA EN SISTEMAS DE TELECOMUNICACIÓN (BOE 20-04-2011),5.5,6.0,6.8,7.7,1.0,1.0,1.0,1.0,1.0,1.0,1.0,1.0,3.0,3.0,1.0,1.0,3.0,3.0,1.0,1.0
5041,174.0,7.252586206896552,2012-13,7.4,5.5,8.69,GRADO EN INGENIERÍA EN SISTEMAS DE TELECOMUNICACIÓN (BOE 20-04-2011),6.6,6.0,7.2,5.0,1.0,1.0,1.0,1.0,2.0,1.0,1.0,1.0,1.0,3.0,1.0,1.0,4.0,3.0,1.0,1.0
5041,222.0,6.658783783783784,2012-13,2.1,0.0,7.87,GRADO EN INGENIERÍA EN SISTEMAS DE TELECOMUNICACIÓN (BOE 20-04-2011),5.6,6.5,5.5,6.1,1.0,1.0,1.0,1.0,1.0,2.0,1.0,2.0,3.0,3.0,1.0,1.0,3.0,5.0,1.0,3.0
5041,222.0,7.878378378378378,2012-13,6.7,7.0,8.58,GRADO EN INGENIERÍA EN SISTEMAS DE TELECOMUNICACIÓN (BOE 20-04-2011),8.5,6.3,8.5,9.0,1.0,1.0,1.0,1.0,1.0,1.0,1.0,1.0,1.0,1.0,2.0,1.0,1.0,1.0,2.0,1.0
5041,222.0,7.54054054054054,2012-13,6.7,4.25,8.64,GRADO EN INGENIERÍA EN SISTEMAS DE TELECOMUNICACIÓN (BOE 20-04-2011),7.6,5.9,7.8,7.3,1.0,1.0,1.0,1.0,1.0,1.0,1.0,1.0,1.0,1.0,1.0,1.0,1.0,1.0,1.0,1.0
5041,222.0,6.673648648648649,2012-13,4.5,5.5,6.63,GRADO EN INGENIERÍA EN SISTEMAS DE TELECOMUNICACIÓN (BOE 20-04-2011),5.0,5.8,5.7,5.8,1.0,1.0,1.0,1.0,2.0,2.0,1.0,1.0,1.0,1.0,1.0,2.0,4.0,5.0,1.0,2.0
5041,198.0,7.287121212121211,2012-13,6.6,7.75,8.55,GRADO EN INGENIERÍA EN SISTEMAS DE TELECOMUNICACIÓN (BOE 20-04-2011),5.3,5.9,7.4,6.4,1.0,1.0,1.0,1.0,1.0,1.0,1.0,1.0,1.0,2.0,1.0,1.0,1.0,2.0,1.0,1.0
5041,216.0,7.011805555555555,2012-13,7.4,2.5,7.54,GRADO EN INGENIERÍA EN SISTEMAS DE TELECOMUNICACIÓN (BOE 20-04-2011),8.4,5.6,6.9,5.9,1.0,1.0,1.0,1.0,2.0,2.0,1.0,2.0,1.0,1.0,1.0,2.0,4.0,5.0,1.0,3.0
5041,201.0,7.27089552238806,2012-13,8.85,5.75,7.86,GRADO EN INGENIERÍA EN SISTEMAS DE TELECOMUNICACIÓN (BOE 20-04-2011),6.0,6.1,7.1,7.1,1.0,1.0,1.0,1.0,1.0,1.0,1.0,1.0,1.0,3.0,1.0,1.0,1.0,3.0,1.0,1.0
5041,234.0,7.9326923076923075,2012-13,5.5,10.0,7.93,GRADO EN INGENIERÍA EN SISTEMAS DE TELECOMUNICACIÓN (BOE 20-04-2011),9.0,7.0,8.0,7.5,1.0,1.0,1.0,1.0,1.0,1.0,1.0,1.0,1.0,3.0,1.0,1.0,1.0,3.0,1.0,1.0
5041,174.0,6.923275862068966,2012-13,4.7,5.0,7.5,GRADO EN INGENIERÍA EN SISTEMAS DE TELECOMUNICACIÓN (BOE 20-04-2011),6.4,5.6,5.1,5.6,1.0,1.0,1.0,1.0,1.0,3.0,1.0,3.0,1.0,3.0,2.0,2.0,1.0,7.0,2.0,5.0
5041,222.0,8.424324324324324,2012-13,9.1,10.0,8.08,GRADO EN INGENIERÍA EN SISTEMAS DE TELECOMUNICACIÓN (BOE 20-04-2011),10.0,9.0,9.0,7.1,1.0,1.0,1.0,1.0,1.0,1.0,1.0,1.0,1.0,1.0,1.0,1.0,1.0,1.0,1.0,1.0
5041,234.0,8.308333333333334,2012-13,8.0,8.0,8.47,GRADO EN INGENIERÍA EN SISTEMAS DE TELECOMUNICACIÓN (BOE 20-04-2011),8.1,9.0,9.5,7.3,1.0,1.0,1.0,1.0,1.0,1.0,1.0,1.0,1.0,1.0,1.0,1.0,1.0,1.0,1.0,1.0
5041,228.0,7.932894736842106,2012-13,,8.5,6.96,GRADO EN INGENIERÍA EN SISTEMAS DE TELECOMUNICACIÓN (BOE 20-04-2011),10.0,6.0,5.8,7.1,1.0,1.0,2.0,1.0,2.0,1.0,2.0,1.0,3.0,1.0,4.0,1.0,4.0,1.0,4.0,1.0
5041,187.5,6.6304,2012-13,,6.5,5.48,GRADO EN INGENIERÍA EN SISTEMAS DE TELECOMUNICACIÓN (BOE 20-04-2011),8.0,6.0,6.4,5.8,1.0,1.0,1.0,1.0,2.0,1.0,1.0,2.0,2.0,2.0,1.0,2.0,4.0,2.0,1.0,5.0
5041,169.0,7.001775147928994,2012-13,5.05,6.87,7.57,GRADO EN INGENIERÍA EN SISTEMAS DE TELECOMUNICACIÓN (BOE 20-04-2011),8.1,5.5,5.0,5.3,1.0,1.0,1.0,1.0,1.0,1.0,1.0,2.0,1.0,2.0,1.0,2.0,1.0,2.0,1.0,5.0
5041,162.0,6.375925925925927,2012-13,3.35,2.63,7.79,GRADO EN INGENIERÍA EN SISTEMAS DE TELECOMUNICACIÓN (BOE 20-04-2011),8.3,5.3,5.6,5.1,1.0,1.0,1.0,1.0,1.0,2.0,1.0,2.0,1.0,1.0,1.0,2.0,1.0,6.0,1.0,3.0
5041,187.5,6.84,2012-13,8.0,5.5,6.7,GRADO EN INGENIERÍA EN SISTEMAS DE TELECOMUNICACIÓN (BOE 20-04-2011),7.5,5.5,5.0,6.1,1.0,2.0,1.0,2.0,2.0,3.0,2.0,3.0,2.0,5.0,1.0,4.0,4.0,7.0,5.0,6.0
5041,156.0,6.668269230769231,2012-13,5.3,5.0,6.56,GRADO EN INGENIERÍA EN SISTEMAS DE TELECOMUNICACIÓN (BOE 20-04-2011),5.3,5.0,5.5,5.7,1.0,1.0,1.0,1.0,1.0,4.0,1.0,3.0,1.0,3.0,1.0,1.0,1.0,11.0,1.0,6.0
5041,162.0,6.728703703703704,2012-13,1.0,5.25,,GRADO EN INGENIERÍA EN SISTEMAS DE TELECOMUNICACIÓN (BOE 20-04-2011),7.5,5.9,8.1,,1.0,2.0,1.0,,2.0,2.0,1.0,,3.0,6.0,1.0,,4.0,6.0,1.0,
5041,186.0,7.25241935483871,2012-13,2.5,4.0,6.26,GRADO EN INGENIERÍA EN SISTEMAS DE TELECOMUNICACIÓN (BOE 20-04-2011),5.0,5.2,7.1,5.4,2.0,1.0,1.0,1.0,2.0,1.0,1.0,1.0,4.0,2.0,1.0,2.0,4.0,2.0,1.0,2.0
5041,199.5,7.12781954887218,2012-13,3.75,6.0,6.94,GRADO EN INGENIERÍA EN SISTEMAS DE TELECOMUNICACIÓN (BOE 20-04-2011),8.0,6.1,5.5,7.7,2.0,1.0,1.0,1.0,2.0,1.0,2.0,1.0,4.0,2.0,2.0,1.0,4.0,2.0,4.0,1.0
5041,198.0,7.050000000000001,2012-13,2.75,1.5,6.05,GRADO EN INGENIERÍA EN SISTEMAS DE TELECOMUNICACIÓN (BOE 20-04-2011),7.1,5.8,5.9,5.2,1.0,1.0,1.0,1.0,2.0,1.0,1.0,1.0,3.0,3.0,2.0,2.0,4.0,3.0,2.0,2.0
5041,204.0,6.7198529411764705,2012-13,4.8,4.31,6.83,GRADO EN INGENIERÍA EN SISTEMAS DE TELECOMUNICACIÓN (BOE 20-04-2011),6.4,6.1,7.7,6.3,1.0,2.0,1.0,1.0,2.0,3.0,1.0,1.0,3.0,5.0,1.0,1.0,4.0,9.0,1.0,1.0
5041,240.0,7.855,2013-14,7.8,9.5,9.21,GRADO EN INGENIERÍA EN SISTEMAS DE TELECOMUNICACIÓN (BOE 20-04-2011),8.0,6.0,7.5,8.0,1.0,1.0,1.0,1.0,1.0,1.0,1.0,1.0,1.0,1.0,1.0,2.0,1.0,1.0,1.0,2.0
5041,234.0,8.034615384615384,2013-14,7.3,7.25,9.07,GRADO EN INGENIERÍA EN SISTEMAS DE TELECOMUNICACIÓN (BOE 20-04-2011),8.0,7.5,5.2,8.2,1.0,1.0,1.0,1.0,1.0,1.0,1.0,1.0,1.0,3.0,1.0,1.0,1.0,3.0,1.0,1.0
5041,181.5,6.878512396694215,2013-14,7.7,4.75,8.4,GRADO EN INGENIERÍA EN SISTEMAS DE TELECOMUNICACIÓN (BOE 20-04-2011),7.0,6.3,5.2,5.5,1.0,1.0,1.0,1.0,1.0,1.0,2.0,3.0,2.0,3.0,1.0,1.0,2.0,3.0,3.0,6.0
5041,217.5,6.571724137931034,2013-14,5.85,8.9,7.56,GRADO EN INGENIERÍA EN SISTEMAS DE TELECOMUNICACIÓN (BOE 20-04-2011),9.5,6.5,6.6,6.3,1.0,1.0,1.0,1.0,1.0,1.0,2.0,2.0,1.0,2.0,2.0,2.0,1.0,2.0,3.0,3.0
5041,234.0,8.928205128205127,2013-14,8.6,4.25,8.96,GRADO EN INGENIERÍA EN SISTEMAS DE TELECOMUNICACIÓN (BOE 20-04-2011),9.0,9.0,7.5,9.0,1.0,1.0,1.0,1.0,1.0,1.0,1.0,1.0,1.0,1.0,1.0,1.0,1.0,1.0,1.0,1.0
5041,222.0,7.556756756756756,2013-14,7.4,5.5,8.72,GRADO EN INGENIERÍA EN SISTEMAS DE TELECOMUNICACIÓN (BOE 20-04-2011),7.2,7.0,6.0,6.4,1.0,1.0,1.0,1.0,1.0,1.0,1.0,1.0,1.0,1.0,1.0,1.0,1.0,1.0,1.0,1.0
5041,205.5,6.911678832116788,2013-14,7.7,7.75,8.43,GRADO EN INGENIERÍA EN SISTEMAS DE TELECOMUNICACIÓN (BOE 20-04-2011),6.4,5.5,5.0,5.8,1.0,1.0,1.0,1.0,1.0,1.0,1.0,1.0,1.0,2.0,2.0,2.0,1.0,2.0,2.0,2.0
5041,234.0,8.473717948717947,2013-14,9.4,7.63,8.94,GRADO EN INGENIERÍA EN SISTEMAS DE TELECOMUNICACIÓN (BOE 20-04-2011),10.0,8.3,7.5,7.0,1.0,1.0,1.0,1.0,1.0,1.0,1.0,1.0,1.0,1.0,1.0,1.0,1.0,1.0,1.0,1.0
5041,174.0,6.66551724137931,2013-14,6.8,3.25,6.81,GRADO EN INGENIERÍA EN SISTEMAS DE TELECOMUNICACIÓN (BOE 20-04-2011),5.0,7.1,6.3,5.5,1.0,1.0,1.0,1.0,1.0,2.0,2.0,2.0,2.0,1.0,1.0,2.0,2.0,4.0,4.0,4.0
5041,216.0,7.042361111111112,2013-14,8.3,10.0,7.53,GRADO EN INGENIERÍA EN SISTEMAS DE TELECOMUNICACIÓN (BOE 20-04-2011),7.0,5.7,5.4,5.9,1.0,1.0,1.0,1.0,1.0,2.0,1.0,2.0,1.0,1.0,2.0,1.0,1.0,5.0,2.0,4.0
5041,204.0,6.893382352941177,2013-14,5.8,6.9,8.13,GRADO EN INGENIERÍA EN SISTEMAS DE TELECOMUNICACIÓN (BOE 20-04-2011),5.3,5.7,5.1,5.8,1.0,1.0,1.0,1.0,1.0,3.0,1.0,3.0,1.0,2.0,1.0,1.0,1.0,7.0,1.0,6.0
5041,219.0,8.00068493150685,2013-14,8.6,8.75,8.35,GRADO EN INGENIERÍA EN SISTEMAS DE TELECOMUNICACIÓN (BOE 20-04-2011),6.5,8.0,5.0,7.4,1.0,1.0,1.0,1.0,1.0,1.0,1.0,1.0,1.0,1.0,1.0,1.0,1.0,1.0,1.0,1.0
5041,168.0,6.762499999999999,2013-14,7.9,7.1,7.12,GRADO EN INGENIERÍA EN SISTEMAS DE TELECOMUNICACIÓN (BOE 20-04-2011),5.0,5.2,5.0,5.8,1.0,1.0,1.0,1.0,1.0,1.0,1.0,2.0,1.0,2.0,1.0,1.0,1.0,2.0,1.0,4.0
5041,222.0,7.122297297297297,2013-14,9.8,10.0,7.94,GRADO EN INGENIERÍA EN SISTEMAS DE TELECOMUNICACIÓN (BOE 20-04-2011),9.0,5.3,7.9,6.1,1.0,1.0,1.0,1.0,1.0,1.0,2.0,2.0,1.0,1.0,1.0,2.0,1.0,1.0,3.0,4.0
5041,204.0,7.080147058823529,2013-14,7.4,7.8,7.32,GRADO EN INGENIERÍA EN SISTEMAS DE TELECOMUNICACIÓN (BOE 20-04-2011),8.0,7.0,5.1,5.4,1.0,2.0,1.0,2.0,1.0,2.0,2.0,2.0,1.0,4.0,2.0,4.0,1.0,4.0,4.0,4.0
5041,151.5,7.034653465346534,2013-14,2.1,0.25,,GRADO EN INGENIERÍA EN SISTEMAS DE TELECOMUNICACIÓN (BOE 20-04-2011),7.5,6.0,6.1,,1.0,2.0,1.0,,1.0,2.0,2.0,,1.0,6.0,1.0,,1.0,6.0,3.0,
5041,228.0,7.483552631578948,2013-14,3.8,5.0,7.07,GRADO EN INGENIERÍA EN SISTEMAS DE TELECOMUNICACIÓN (BOE 20-04-2011),9.0,6.0,5.0,5.8,1.0,1.0,1.0,1.0,1.0,1.0,1.0,1.0,1.0,2.0,2.0,1.0,1.0,2.0,2.0,1.0
5041,199.5,6.614285714285714,2013-14,5.1,6.5,6.77,GRADO EN INGENIERÍA EN SISTEMAS DE TELECOMUNICACIÓN (BOE 20-04-2011),8.4,5.2,5.8,5.0,1.0,1.0,1.0,1.0,1.0,1.0,2.0,2.0,1.0,2.0,1.0,1.0,1.0,2.0,3.0,3.0
5041,228.0,7.471052631578948,2014-15,8.0,9.0,9.29,GRADO EN INGENIERÍA EN SISTEMAS DE TELECOMUNICACIÓN (BOE 20-04-2011),10.0,6.2,7.5,6.2,1.0,1.0,1.0,1.0,1.0,1.0,1.0,1.0,1.0,3.0,1.0,1.0,1.0,3.0,1.0,1.0
5041,240.0,7.862916666666666,2014-15,7.9,,8.12,GRADO EN INGENIERÍA EN SISTEMAS DE TELECOMUNICACIÓN (BOE 20-04-2011),9.4,6.4,8.2,7.0,1.0,1.0,1.0,1.0,1.0,1.0,1.0,1.0,1.0,3.0,1.0,2.0,1.0,3.0,1.0,2.0
5041,222.0,7.052702702702703,2014-15,9.3,6.25,7.56,GRADO EN INGENIERÍA EN SISTEMAS DE TELECOMUNICACIÓN (BOE 20-04-2011),8.5,5.5,6.4,5.7,1.0,1.0,1.0,2.0,1.0,3.0,2.0,2.0,1.0,2.0,1.0,5.0,1.0,8.0,3.0,5.0
5041,234.0,7.8032051282051285,2014-15,,9.25,8.28,GRADO EN INGENIERÍA EN SISTEMAS DE TELECOMUNICACIÓN (BOE 20-04-2011),10.0,6.2,10.0,7.5,1.0,1.0,1.0,1.0,1.0,1.0,1.0,1.0,1.0,3.0,1.0,1.0,1.0,3.0,1.0,1.0
5041,214.0,6.888084112149532,2014-15,7.38,7.3,7.76,GRADO EN INGENIERÍA EN SISTEMAS DE TELECOMUNICACIÓN (BOE 20-04-2011),9.0,6.5,6.3,6.0,1.0,1.0,1.0,1.0,1.0,2.0,1.0,2.0,1.0,3.0,1.0,1.0,1.0,5.0,1.0,3.0
5041,163.5,6.838532110091743,2014-15,8.75,10.0,8.17,GRADO EN INGENIERÍA EN SISTEMAS DE TELECOMUNICACIÓN (BOE 20-04-2011),6.8,6.0,5.5,7.3,1.0,1.0,1.0,1.0,1.0,1.0,1.0,1.0,1.0,1.0,1.0,2.0,1.0,1.0,1.0,2.0
5041,186.0,6.663709677419355,2014-15,3.95,9.75,7.74,GRADO EN INGENIERÍA EN SISTEMAS DE TELECOMUNICACIÓN (BOE 20-04-2011),9.4,5.3,5.3,6.4,1.0,1.0,1.0,1.0,1.0,4.0,1.0,3.0,1.0,3.0,1.0,2.0,1.0,11.0,1.0,7.0
5041,181.5,6.6768595041322305,2014-15,7.1,7.0,7.35,GRADO EN INGENIERÍA EN SISTEMAS DE TELECOMUNICACIÓN (BOE 20-04-2011),5.1,5.7,8.4,5.3,1.0,1.0,1.0,1.0,1.0,3.0,2.0,2.0,1.0,3.0,1.0,1.0,1.0,7.0,3.0,5.0
5041,178.0,6.722471910112359,2014-15,6.8,7.35,7.72,GRADO EN INGENIERÍA EN SISTEMAS DE TELECOMUNICACIÓN (BOE 20-04-2011),6.9,5.5,5.0,6.5,1.0,1.0,1.0,1.0,1.0,1.0,1.0,2.0,1.0,3.0,1.0,1.0,1.0,3.0,1.0,3.0
5041,181.5,6.802479338842976,2014-15,7.4,5.8,6.81,GRADO EN INGENIERÍA EN SISTEMAS DE TELECOMUNICACIÓN (BOE 20-04-2011),8.0,6.8,5.1,6.7,1.0,3.0,1.0,3.0,1.0,3.0,2.0,3.0,1.0,9.0,1.0,7.0,1.0,9.0,4.0,7.0
5041,222.0,7.349324324324324,2014-15,6.0,6.85,6.79,GRADO EN INGENIERÍA EN SISTEMAS DE TELECOMUNICACIÓN (BOE 20-04-2011),9.7,6.4,6.5,7.2,1.0,1.0,1.0,1.0,1.0,1.0,1.0,2.0,1.0,2.0,1.0,1.0,1.0,2.0,1.0,3.0
5041,228.0,7.2125,2014-15,5.05,9.15,8.89,GRADO EN INGENIERÍA EN SISTEMAS DE TELECOMUNICACIÓN (BOE 20-04-2011),8.5,6.5,7.2,6.1,1.0,1.0,1.0,1.0,1.0,1.0,1.0,1.0,1.0,2.0,1.0,1.0,1.0,2.0,1.0,1.0
5041,212.0,6.85377358490566,2014-15,,7.25,8.21,GRADO EN INGENIERÍA EN SISTEMAS DE TELECOMUNICACIÓN (BOE 20-04-2011),7.7,7.1,5.8,5.6,1.0,1.0,1.0,1.0,1.0,1.0,1.0,1.0,1.0,2.0,1.0,1.0,1.0,2.0,1.0,1.0
5041,234.0,8.075641025641026,2014-15,7.5,6.25,8.58,GRADO EN INGENIERÍA EN SISTEMAS DE TELECOMUNICACIÓN (BOE 20-04-2011),9.2,5.6,6.7,7.3,1.0,1.0,1.0,1.0,1.0,1.0,1.0,1.0,1.0,1.0,1.0,1.0,1.0,1.0,1.0,1.0
5041,228.0,7.159868421052632,2014-15,5.0,4.0,7.76,GRADO EN INGENIERÍA EN SISTEMAS DE TELECOMUNICACIÓN (BOE 20-04-2011),6.6,5.9,6.9,5.1,1.0,1.0,1.0,2.0,1.0,1.0,2.0,2.0,1.0,3.0,1.0,4.0,1.0,3.0,3.0,4.0
5041,229.5,6.685620915032679,2014-15,6.6,8.35,6.01,GRADO EN INGENIERÍA EN SISTEMAS DE TELECOMUNICACIÓN (BOE 20-04-2011),6.8,6.5,5.2,7.0,1.0,1.0,1.0,1.0,1.0,1.0,1.0,2.0,1.0,2.0,1.0,1.0,1.0,2.0,1.0,3.0
5041,198.0,6.578787878787878,2014-15,3.5,6.0,7.85,GRADO EN INGENIERÍA EN SISTEMAS DE TELECOMUNICACIÓN (BOE 20-04-2011),5.0,5.6,5.0,5.8,1.0,2.0,1.0,1.0,1.0,2.0,3.0,4.0,1.0,6.0,2.0,2.0,1.0,6.0,7.0,10.0
5041,228.0,7.117105263157895,2014-15,4.78,4.0,7.05,GRADO EN INGENIERÍA EN SISTEMAS DE TELECOMUNICACIÓN (BOE 20-04-2011),7.7,7.0,6.5,7.5,1.0,1.0,1.0,1.0,1.0,1.0,1.0,2.0,1.0,2.0,1.0,1.0,1.0,2.0,1.0,3.0
5041,209.0,7.258612440191388,2014-15,5.55,3.75,7.34,GRADO EN INGENIERÍA EN SISTEMAS DE TELECOMUNICACIÓN (BOE 20-04-2011),7.2,6.5,5.0,6.6,1.0,1.0,1.0,1.0,1.0,1.0,1.0,1.0,1.0,2.0,1.0,1.0,1.0,2.0,1.0,1.0
5041,217.5,6.730344827586206,2014-15,0.5,0.5,6.39,GRADO EN INGENIERÍA EN SISTEMAS DE TELECOMUNICACIÓN (BOE 20-04-2011),5.3,5.3,5.1,5.6,2.0,1.0,2.0,1.0,2.0,2.0,2.0,2.0,4.0,3.0,5.0,2.0,4.0,5.0,5.0,5.0
5041,193.5,6.606201550387596,2014-15,6.8,4.88,6.74,GRADO EN INGENIERÍA EN SISTEMAS DE TELECOMUNICACIÓN (BOE 20-04-2011),5.0,6.0,5.2,5.2,1.0,2.0,1.0,3.0,1.0,2.0,1.0,3.0,1.0,5.0,2.0,6.0,1.0,5.0,2.0,6.0
5041,192.0,7.675,2014-15,6.7,1.5,5.18,GRADO EN INGENIERÍA EN SISTEMAS DE TELECOMUNICACIÓN (BOE 20-04-2011),8.2,6.5,8.6,7.2,2.0,2.0,1.0,2.0,2.0,2.0,1.0,2.0,6.0,5.0,1.0,4.0,6.0,5.0,1.0,4.0
5041,192.0,7.05078125,2014-15,,,6.06,GRADO EN INGENIERÍA EN SISTEMAS DE TELECOMUNICACIÓN (BOE 20-04-2011),8.6,5.4,6.1,7.2,1.0,5.0,1.0,2.0,1.0,6.0,1.0,2.0,3.0,14.0,1.0,4.0,3.0,16.0,1.0,4.0
5041,205.5,7.281751824817519,2014-15,1.5,8.25,5.74,GRADO EN INGENIERÍA EN SISTEMAS DE TELECOMUNICACIÓN (BOE 20-04-2011),6.1,6.4,5.0,6.6,2.0,1.0,2.0,1.0,2.0,1.0,2.0,1.0,4.0,1.0,4.0,1.0,4.0,1.0,4.0,1.0
5041,214.0,7.610280373831776,2015-16,8.35,7.25,9.31,GRADO EN INGENIERÍA EN SISTEMAS DE TELECOMUNICACIÓN (BOE 20-04-2011),7.0,5.0,5.9,6.0,1.0,1.0,1.0,1.0,1.0,1.0,1.0,1.0,1.0,2.0,1.0,1.0,1.0,2.0,1.0,1.0
5041,234.0,8.894871794871795,2015-16,,9.0,9.31,GRADO EN INGENIERÍA EN SISTEMAS DE TELECOMUNICACIÓN (BOE 20-04-2011),8.8,7.1,6.0,9.6,1.0,1.0,1.0,1.0,1.0,1.0,1.0,1.0,1.0,1.0,1.0,1.0,1.0,1.0,1.0,1.0
5041,228.0,7.378289473684211,2015-16,5.1,7.25,7.7,GRADO EN INGENIERÍA EN SISTEMAS DE TELECOMUNICACIÓN (BOE 20-04-2011),7.2,7.1,5.3,5.2,1.0,1.0,1.0,1.0,1.0,2.0,1.0,1.0,1.0,1.0,1.0,2.0,1.0,4.0,1.0,2.0
5041,163.5,6.558715596330274,2015-16,6.9,9.25,6.85,GRADO EN INGENIERÍA EN SISTEMAS DE TELECOMUNICACIÓN (BOE 20-04-2011),8.1,5.7,5.8,5.7,1.0,1.0,1.0,1.0,1.0,1.0,1.0,1.0,3.0,3.0,1.0,2.0,3.0,3.0,1.0,2.0
5041,240.0,7.9556249999999995,2015-16,7.6,7.0,9.31,GRADO EN INGENIERÍA EN SISTEMAS DE TELECOMUNICACIÓN (BOE 20-04-2011),7.3,9.0,7.6,8.2,1.0,1.0,2.0,1.0,1.0,1.0,2.0,1.0,1.0,1.0,4.0,1.0,1.0,1.0,4.0,1.0
5041,234.0,7.201282051282051,2015-16,6.3,6.38,7.28,GRADO EN INGENIERÍA EN SISTEMAS DE TELECOMUNICACIÓN (BOE 20-04-2011),6.8,6.0,6.2,6.3,1.0,1.0,1.0,1.0,1.0,1.0,1.0,1.0,1.0,3.0,1.0,1.0,1.0,3.0,1.0,1.0
5041,216.0,7.38125,2015-16,5.9,6.0,8.02,GRADO EN INGENIERÍA EN SISTEMAS DE TELECOMUNICACIÓN (BOE 20-04-2011),6.3,6.2,5.9,6.2,1.0,1.0,1.0,1.0,1.0,2.0,1.0,2.0,1.0,3.0,1.0,1.0,1.0,4.0,1.0,3.0
5041,228.0,8.096710526315789,2015-16,5.3,5.75,8.42,GRADO EN INGENIERÍA EN SISTEMAS DE TELECOMUNICACIÓN (BOE 20-04-2011),8.2,7.3,6.3,5.8,1.0,1.0,1.0,1.0,1.0,1.0,1.0,1.0,1.0,1.0,1.0,1.0,1.0,1.0,1.0,1.0
5041,237.0,8.40126582278481,2015-16,8.8,8.5,9.49,GRADO EN INGENIERÍA EN SISTEMAS DE TELECOMUNICACIÓN (BOE 20-04-2011),8.0,6.2,5.7,9.0,1.0,1.0,1.0,1.0,1.0,1.0,1.0,1.0,1.0,1.0,1.0,1.0,1.0,1.0,1.0,1.0
5041,210.0,7.166666666666667,2015-16,8.15,7.15,6.16,GRADO EN INGENIERÍA EN SISTEMAS DE TELECOMUNICACIÓN (BOE 20-04-2011),7.4,5.9,6.3,7.0,1.0,1.0,2.0,1.0,1.0,2.0,2.0,2.0,1.0,3.0,5.0,2.0,1.0,4.0,5.0,5.0
5041,216.0,7.2965277777777775,2015-16,8.65,8.25,8.79,GRADO EN INGENIERÍA EN SISTEMAS DE TELECOMUNICACIÓN (BOE 20-04-2011),6.3,6.2,5.0,5.2,1.0,1.0,1.0,1.0,1.0,1.0,1.0,1.0,1.0,1.0,1.0,2.0,1.0,1.0,1.0,2.0
5041,228.0,7.35328947368421,2015-16,6.2,8.75,8.57,GRADO EN INGENIERÍA EN SISTEMAS DE TELECOMUNICACIÓN (BOE 20-04-2011),6.7,7.0,5.2,6.3,1.0,1.0,1.0,1.0,1.0,2.0,1.0,1.0,1.0,3.0,2.0,1.0,1.0,5.0,2.0,1.0
5041,234.0,8.081410256410257,2015-16,8.2,8.5,7.79,GRADO EN INGENIERÍA EN SISTEMAS DE TELECOMUNICACIÓN (BOE 20-04-2011),5.6,9.0,7.3,9.3,1.0,1.0,1.0,1.0,1.0,1.0,1.0,1.0,1.0,1.0,1.0,1.0,1.0,1.0,1.0,1.0
5041,232.0,7.5592672413793105,2015-16,6.3,5.75,7.78,GRADO EN INGENIERÍA EN SISTEMAS DE TELECOMUNICACIÓN (BOE 20-04-2011),5.8,5.8,5.4,6.1,1.0,1.0,1.0,1.0,1.0,1.0,1.0,1.0,1.0,1.0,1.0,2.0,1.0,1.0,1.0,2.0
5041,240.0,8.176875,2015-16,7.95,9.75,8.18,GRADO EN INGENIERÍA EN SISTEMAS DE TELECOMUNICACIÓN (BOE 20-04-2011),7.5,7.0,6.5,7.8,1.0,1.0,1.0,1.0,1.0,1.0,1.0,1.0,1.0,1.0,1.0,1.0,1.0,1.0,1.0,1.0
5041,210.0,7.347857142857142,2015-16,4.1,3.5,7.11,GRADO EN INGENIERÍA EN SISTEMAS DE TELECOMUNICACIÓN (BOE 20-04-2011),7.4,5.0,6.5,6.2,1.0,2.0,1.0,1.0,1.0,2.0,1.0,1.0,1.0,5.0,2.0,1.0,1.0,5.0,2.0,1.0
5041,210.0,6.722142857142858,2015-16,,,6.69,GRADO EN INGENIERÍA EN SISTEMAS DE TELECOMUNICACIÓN (BOE 20-04-2011),7.0,5.8,5.0,6.4,1.0,1.0,1.0,1.0,2.0,2.0,1.0,1.0,3.0,1.0,1.0,1.0,5.0,4.0,1.0,1.0
5041,228.0,7.170394736842105,2016-17,5.1,5.5,7.82,GRADO EN INGENIERÍA EN SISTEMAS DE TELECOMUNICACIÓN (BOE 20-04-2011),7.7,6.8,8.2,7.5,1.0,1.0,1.0,1.0,1.0,1.0,1.0,2.0,1.0,3.0,2.0,1.0,1.0,3.0,2.0,4.0
5041,222.0,6.831081081081081,2016-17,5.3,9.25,8.34,GRADO EN INGENIERÍA EN SISTEMAS DE TELECOMUNICACIÓN (BOE 20-04-2011),5.0,7.0,5.1,7.1,1.0,1.0,1.0,1.0,1.0,1.0,1.0,1.0,1.0,1.0,1.0,1.0,1.0,1.0,1.0,1.0
5041,216.0,7.267361111111111,2016-17,6.1,9.25,8.81,GRADO EN INGENIERÍA EN SISTEMAS DE TELECOMUNICACIÓN (BOE 20-04-2011),5.0,6.3,5.1,5.8,1.0,1.0,1.0,1.0,1.0,1.0,1.0,1.0,1.0,2.0,1.0,1.0,1.0,2.0,1.0,1.0
5041,210.0,6.825,2016-17,3.1,2.5,6.38,GRADO EN INGENIERÍA EN SISTEMAS DE TELECOMUNICACIÓN (BOE 20-04-2011),5.0,5.2,5.1,5.4,1.0,1.0,1.0,2.0,2.0,2.0,1.0,2.0,2.0,3.0,2.0,4.0,4.0,6.0,2.0,4.0
5041,228.0,7.2690789473684205,2016-17,,8.0,8.77,GRADO EN INGENIERÍA EN SISTEMAS DE TELECOMUNICACIÓN (BOE 20-04-2011),9.0,7.0,7.6,8.2,1.0,1.0,1.0,1.0,1.0,1.0,1.0,1.0,1.0,1.0,2.0,1.0,1.0,1.0,2.0,1.0
5041,222.0,6.963513513513514,2016-17,7.9,5.5,7.55,GRADO EN INGENIERÍA EN SISTEMAS DE TELECOMUNICACIÓN (BOE 20-04-2011),9.0,7.0,5.8,6.7,1.0,1.0,1.0,1.0,1.0,1.0,1.0,1.0,1.0,2.0,1.0,1.0,1.0,2.0,1.0,1.0
5041,174.0,6.4672413793103445,2016-17,5.2,,6.83,GRADO EN INGENIERÍA EN SISTEMAS DE TELECOMUNICACIÓN (BOE 20-04-2011),8.0,5.4,5.1,5.7,1.0,1.0,1.0,2.0,1.0,4.0,1.0,3.0,2.0,3.0,2.0,5.0,2.0,9.0,2.0,7.0
5041,121.5,6.969135802469136,2016-17,7.1,7.25,8.37,GRADO EN INGENIERÍA EN SISTEMAS DE TELECOMUNICACIÓN (BOE 20-04-2011),8.2,6.1,6.9,5.9,2.0,2.0,1.0,2.0,2.0,2.0,2.0,3.0,4.0,4.0,2.0,5.0,4.0,4.0,4.0,6.0
5041,234.0,6.7846153846153845,2016-17,1.5,6.0,6.97,GRADO EN INGENIERÍA EN SISTEMAS DE TELECOMUNICACIÓN (BOE 20-04-2011),7.6,5.1,5.5,7.5,1.0,1.0,1.0,1.0,1.0,1.0,1.0,2.0,1.0,1.0,2.0,2.0,1.0,1.0,2.0,4.0
5041,228.0,8.111184210526316,2016-17,9.1,9.75,9.49,GRADO EN INGENIERÍA EN SISTEMAS DE TELECOMUNICACIÓN (BOE 20-04-2011),10.0,9.0,6.7,6.4,1.0,1.0,1.0,1.0,1.0,2.0,1.0,1.0,1.0,1.0,1.0,1.0,1.0,4.0,1.0,1.0
5041,228.0,7.354605263157894,2016-17,8.5,9.2,9.39,GRADO EN INGENIERÍA EN SISTEMAS DE TELECOMUNICACIÓN (BOE 20-04-2011),9.0,6.8,5.0,7.5,1.0,1.0,1.0,1.0,1.0,1.0,1.0,1.0,1.0,3.0,1.0,1.0,1.0,3.0,1.0,1.0
5041,231.0,6.753896103896104,2016-17,7.0,9.45,8.78,GRADO EN INGENIERÍA EN SISTEMAS DE TELECOMUNICACIÓN (BOE 20-04-2011),6.6,5.8,5.1,5.9,1.0,1.0,1.0,1.0,1.0,1.0,1.0,1.0,1.0,2.0,1.0,1.0,1.0,2.0,1.0,1.0
5041,234.0,7.2666666666666675,2016-17,6.7,9.05,9.2,GRADO EN INGENIERÍA EN SISTEMAS DE TELECOMUNICACIÓN (BOE 20-04-2011),7.5,5.9,5.3,6.5,1.0,1.0,1.0,1.0,1.0,1.0,1.0,1.0,1.0,1.0,1.0,1.0,1.0,1.0,1.0,1.0
5041,150.0,6.664000000000001,2016-17,,5.0,5.76,GRADO EN INGENIERÍA EN SISTEMAS DE TELECOMUNICACIÓN (BOE 20-04-2011),6.1,5.1,6.3,,1.0,2.0,1.0,,2.0,3.0,2.0,,3.0,5.0,1.0,,4.0,8.0,3.0,
5041,144.0,6.430208333333333,2016-17,3.5,4.5,7.04,GRADO EN INGENIERÍA EN SISTEMAS DE TELECOMUNICACIÓN (BOE 20-04-2011),8.3,,5.0,5.8,1.0,,1.0,3.0,4.0,,1.0,3.0,3.0,,2.0,7.0,11.0,,2.0,7.0
5041,132.0,6.346590909090909,2016-17,4.25,5.25,7.27,GRADO EN INGENIERÍA EN SISTEMAS DE TELECOMUNICACIÓN (BOE 20-04-2011),,5.8,,5.1,,1.0,,2.0,,3.0,,3.0,,2.0,,5.0,,9.0,,6.0
5041,240.0,7.913749999999999,2016-17,3.75,8.25,7.51,GRADO EN INGENIERÍA EN SISTEMAS DE TELECOMUNICACIÓN (BOE 20-04-2011),6.6,7.3,5.3,8.5,1.0,1.0,1.0,1.0,1.0,1.0,1.0,1.0,1.0,1.0,1.0,1.0,1.0,1.0,1.0,1.0
5041,186.0,6.765322580645161,2016-17,4.3,6.5,6.58,GRADO EN INGENIERÍA EN SISTEMAS DE TELECOMUNICACIÓN (BOE 20-04-2011),5.0,5.5,5.3,7.0,1.0,1.0,1.0,2.0,2.0,1.0,1.0,2.0,3.0,2.0,1.0,4.0,4.0,2.0,1.0,4.0
5041,240.0,9.131875,2017-18,8.2,10.0,9.12,GRADO EN INGENIERÍA EN SISTEMAS DE TELECOMUNICACIÓN (BOE 20-04-2011),10.0,7.7,8.5,9.4,1.0,1.0,1.0,1.0,1.0,1.0,1.0,1.0,1.0,2.0,1.0,1.0,1.0,2.0,1.0,1.0
5041,222.0,6.845945945945946,2017-18,7.1,7.8,9.15,GRADO EN INGENIERÍA EN SISTEMAS DE TELECOMUNICACIÓN (BOE 20-04-2011),6.4,5.5,6.1,5.0,1.0,2.0,1.0,1.0,1.0,3.0,1.0,1.0,1.0,6.0,2.0,2.0,1.0,7.0,2.0,2.0
5041,234.0,7.830128205128205,2017-18,7.9,7.75,8.13,GRADO EN INGENIERÍA EN SISTEMAS DE TELECOMUNICACIÓN (BOE 20-04-2011),10.0,6.3,8.3,7.4,1.0,1.0,1.0,1.0,1.0,1.0,1.0,1.0,1.0,1.0,1.0,1.0,1.0,1.0,1.0,1.0
5041,210.0,7.726428571428571,2017-18,3.15,5.1,7.83,GRADO EN INGENIERÍA EN SISTEMAS DE TELECOMUNICACIÓN (BOE 20-04-2011),9.0,7.0,10.0,5.0,1.0,1.0,1.0,1.0,1.0,1.0,1.0,1.0,1.0,2.0,1.0,1.0,1.0,2.0,1.0,1.0
5041,186.0,7.179838709677419,2017-18,6.8,4.25,7.44,GRADO EN INGENIERÍA EN SISTEMAS DE TELECOMUNICACIÓN (BOE 20-04-2011),8.5,6.0,5.3,6.6,1.0,2.0,1.0,2.0,1.0,2.0,1.0,2.0,1.0,4.0,1.0,4.0,1.0,4.0,1.0,4.0
5041,174.0,6.752586206896552,2017-18,5.4,8.35,8.35,GRADO EN INGENIERÍA EN SISTEMAS DE TELECOMUNICACIÓN (BOE 20-04-2011),7.3,7.0,6.4,7.5,1.0,2.0,1.0,2.0,1.0,2.0,1.0,2.0,1.0,4.0,1.0,4.0,1.0,4.0,1.0,4.0
5041,204.0,7.152941176470589,2017-18,3.8,8.0,7.99,GRADO EN INGENIERÍA EN SISTEMAS DE TELECOMUNICACIÓN (BOE 20-04-2011),7.0,7.5,5.0,7.5,1.0,1.0,1.0,1.0,1.0,2.0,1.0,2.0,1.0,1.0,1.0,1.0,1.0,4.0,1.0,4.0
5041,234.0,7.939102564102564,2017-18,6.2,9.0,8.53,GRADO EN INGENIERÍA EN SISTEMAS DE TELECOMUNICACIÓN (BOE 20-04-2011),7.7,7.0,5.0,8.3,1.0,1.0,1.0,1.0,1.0,1.0,1.0,1.0,1.0,1.0,1.0,1.0,1.0,1.0,1.0,1.0
5041,144.0,6.0625,2017-18,3.4,6.0,7.34,GRADO EN INGENIERÍA EN SISTEMAS DE TELECOMUNICACIÓN (BOE 20-04-2011),5.0,6.3,5.1,5.1,1.0,1.0,1.0,2.0,1.0,3.0,1.0,2.0,1.0,1.0,2.0,3.0,1.0,7.0,2.0,3.0
5041,205.0,7.214634146341464,2017-18,,6.25,7.12,GRADO EN INGENIERÍA EN SISTEMAS DE TELECOMUNICACIÓN (BOE 20-04-2011),5.5,7.0,6.3,5.4,1.0,1.0,1.0,1.0,1.0,2.0,1.0,2.0,1.0,3.0,2.0,1.0,1.0,6.0,2.0,4.0
5041,240.0,7.610625,2017-18,7.6,6.9,8.29,GRADO EN INGENIERÍA EN SISTEMAS DE TELECOMUNICACIÓN (BOE 20-04-2011),8.2,5.8,6.8,7.1,1.0,1.0,1.0,1.0,1.0,2.0,1.0,1.0,1.0,2.0,2.0,1.0,1.0,4.0,2.0,1.0
5041,120.0,6.864999999999999,2017-18,,6.75,8.33,GRADO EN INGENIERÍA EN SISTEMAS DE TELECOMUNICACIÓN (BOE 20-04-2011),,5.8,,,,1.0,,,,1.0,,,,1.0,,,,1.0,,
5041,126.0,7.355952380952381,2017-18,,,7.48,GRADO EN INGENIERÍA EN SISTEMAS DE TELECOMUNICACIÓN (BOE 20-04-2011),,,,5.7,,,,1.0,,,,1.0,,,,1.0,,,,1.0
5041,174.0,7.537931034482758,2017-18,5.4,5.25,7.91,GRADO EN INGENIERÍA EN SISTEMAS DE TELECOMUNICACIÓN (BOE 20-04-2011),,6.4,,7.3,,1.0,,1.0,,1.0,,1.0,,1.0,,1.0,,1.0,,1.0
5041,208.0,7.291826923076924,2017-18,8.95,8.5,8.59,GRADO EN INGENIERÍA EN SISTEMAS DE TELECOMUNICACIÓN (BOE 20-04-2011),10.0,5.2,5.0,5.3,1.0,1.0,1.0,1.0,1.0,1.0,1.0,1.0,1.0,1.0,1.0,1.0,1.0,1.0,1.0,1.0
5041,138.0,6.227173913043479,2017-18,3.75,6.13,6.92,GRADO EN INGENIERÍA EN SISTEMAS DE TELECOMUNICACIÓN (BOE 20-04-2011),6.0,5.3,5.7,5.9,1.0,1.0,1.0,1.0,1.0,4.0,1.0,2.0,1.0,3.0,2.0,2.0,1.0,10.0,2.0,4.0
5041,240.0,8.598749999999999,2018-19,,9.0,9.41,GRADO EN INGENIERÍA EN SISTEMAS DE TELECOMUNICACIÓN (BOE 20-04-2011),10.0,7.4,8.8,6.6,1.0,1.0,1.0,1.0,1.0,1.0,1.0,1.0,1.0,1.0,1.0,1.0,1.0,1.0,1.0,1.0
5041,174.0,6.574137931034484,2018-19,5.1,9.0,8.82,GRADO EN INGENIERÍA EN SISTEMAS DE TELECOMUNICACIÓN (BOE 20-04-2011),8.5,5.2,5.0,5.6,1.0,1.0,1.0,1.0,1.0,2.0,1.0,1.0,1.0,3.0,1.0,1.0,1.0,4.0,1.0,1.0
5041,216.0,7.798611111111111,2018-19,5.3,6.75,7.33,GRADO EN INGENIERÍA EN SISTEMAS DE TELECOMUNICACIÓN (BOE 20-04-2011),8.0,7.0,8.2,7.3,1.0,1.0,1.0,1.0,1.0,1.0,1.0,1.0,1.0,1.0,1.0,1.0,1.0,1.0,1.0,1.0
5041,186.0,6.813709677419355,2018-19,7.6,9.75,8.25,GRADO EN INGENIERÍA EN SISTEMAS DE TELECOMUNICACIÓN (BOE 20-04-2011),6.5,5.6,5.0,5.3,1.0,1.0,1.0,1.0,1.0,1.0,1.0,2.0,1.0,3.0,2.0,2.0,1.0,3.0,2.0,3.0
5041,228.0,7.578947368421052,2018-19,5.6,6.75,6.97,GRADO EN INGENIERÍA EN SISTEMAS DE TELECOMUNICACIÓN (BOE 20-04-2011),9.0,5.3,6.0,7.0,1.0,1.0,1.0,1.0,1.0,1.0,1.0,1.0,1.0,3.0,1.0,1.0,1.0,3.0,1.0,1.0
5041,222.0,7.5128378378378375,2018-19,3.9,8.75,7.46,GRADO EN INGENIERÍA EN SISTEMAS DE TELECOMUNICACIÓN (BOE 20-04-2011),10.0,6.5,7.6,6.2,1.0,1.0,1.0,1.0,1.0,1.0,1.0,1.0,1.0,1.0,1.0,1.0,1.0,1.0,1.0,1.0
5041,228.0,6.823026315789474,2018-19,6.9,8.75,7.67,GRADO EN INGENIERÍA EN SISTEMAS DE TELECOMUNICACIÓN (BOE 20-04-2011),9.5,5.3,7.3,7.0,1.0,1.0,1.0,1.0,1.0,1.0,1.0,1.0,1.0,1.0,1.0,1.0,1.0,1.0,1.0,1.0
5041,198.0,7.1856060606060606,2018-19,6.8,9.5,9.14,GRADO EN INGENIERÍA EN SISTEMAS DE TELECOMUNICACIÓN (BOE 20-04-2011),10.0,6.2,6.5,7.7,1.0,1.0,1.0,1.0,1.0,1.0,1.0,2.0,1.0,1.0,1.0,1.0,1.0,1.0,1.0,3.0
5041,174.0,6.434482758620689,2018-19,7.5,10.0,8.19,GRADO EN INGENIERÍA EN SISTEMAS DE TELECOMUNICACIÓN (BOE 20-04-2011),9.0,6.1,6.5,5.7,1.0,1.0,1.0,2.0,1.0,2.0,1.0,2.0,1.0,1.0,1.0,4.0,1.0,4.0,1.0,4.0
5041,234.0,8.760683760683762,2018-19,8.2,10.0,9.34,GRADO EN INGENIERÍA EN SISTEMAS DE TELECOMUNICACIÓN (BOE 20-04-2011),9.0,7.0,9.4,8.1,1.0,1.0,1.0,1.0,1.0,1.0,1.0,1.0,1.0,1.0,1.0,1.0,1.0,1.0,1.0,1.0
5041,120.0,6.36875,2018-19,7.9,6.5,8.75,GRADO EN INGENIERÍA EN SISTEMAS DE TELECOMUNICACIÓN (BOE 20-04-2011),6.0,,6.7,5.3,1.0,,1.0,1.0,1.0,,1.0,1.0,1.0,,2.0,1.0,1.0,,2.0,1.0
5041,240.0,9.164375,2018-19,8.7,9.75,9.26,GRADO EN INGENIERÍA EN SISTEMAS DE TELECOMUNICACIÓN (BOE 20-04-2011),10.0,9.5,9.6,9.0,1.0,1.0,1.0,1.0,1.0,1.0,1.0,1.0,1.0,1.0,1.0,1.0,1.0,1.0,1.0,1.0
5041,138.0,6.2402173913043475,2018-19,,6.75,6.49,GRADO EN INGENIERÍA EN SISTEMAS DE TELECOMUNICACIÓN (BOE 20-04-2011),6.5,5.1,5.9,5.5,1.0,1.0,1.0,1.0,1.0,2.0,1.0,1.0,3.0,3.0,1.0,1.0,3.0,5.0,1.0,1.0
5041,198.0,6.316666666666667,2018-19,5.5,6.75,8.05,GRADO EN INGENIERÍA EN SISTEMAS DE TELECOMUNICACIÓN (BOE 20-04-2011),7.0,5.8,5.0,5.5,1.0,1.0,1.0,1.0,1.0,2.0,1.0,1.0,1.0,3.0,1.0,1.0,1.0,5.0,1.0,1.0
5041,120.0,6.4399999999999995,2018-19,6.85,6.25,,GRADO EN INGENIERÍA EN SISTEMAS DE TELECOMUNICACIÓN (BOE 20-04-2011),6.5,,7.8,5.8,1.0,,1.0,1.0,1.0,,1.0,1.0,1.0,,1.0,1.0,1.0,,1.0,1.0
5041,240.0,7.801875,2018-19,8.8,9.75,7.85,GRADO EN INGENIERÍA EN SISTEMAS DE TELECOMUNICACIÓN (BOE 20-04-2011),7.2,8.0,6.3,8.0,1.0,1.0,1.0,1.0,1.0,1.0,1.0,1.0,1.0,1.0,1.0,1.0,1.0,1.0,1.0,1.0
5041,168.0,6.316964285714286,2018-19,3.9,8.0,7.1,GRADO EN INGENIERÍA EN SISTEMAS DE TELECOMUNICACIÓN (BOE 20-04-2011),7.0,5.2,6.3,5.0,1.0,1.0,1.0,1.0,1.0,2.0,1.0,1.0,1.0,2.0,1.0,1.0,1.0,3.0,1.0,1.0
5041,228.0,7.637499999999999,2018-19,6.9,7.25,7.87,GRADO EN INGENIERÍA EN SISTEMAS DE TELECOMUNICACIÓN (BOE 20-04-2011),8.0,5.5,6.2,7.0,1.0,1.0,1.0,1.0,1.0,1.0,1.0,1.0,1.0,1.0,1.0,1.0,1.0,1.0,1.0,1.0
5041,198.0,7.277272727272727,2018-19,8.8,9.75,9.1,GRADO EN INGENIERÍA EN SISTEMAS DE TELECOMUNICACIÓN (BOE 20-04-2011),9.5,6.0,7.5,6.4,1.0,1.0,1.0,1.0,1.0,1.0,1.0,1.0,1.0,2.0,1.0,1.0,1.0,2.0,1.0,1.0
5041,139.5,6.205376344086021,2018-19,5.2,7.25,6.84,GRADO EN INGENIERÍA EN SISTEMAS DE TELECOMUNICACIÓN (BOE 20-04-2011),7.5,5.0,5.6,6.6,1.0,1.0,1.0,1.0,1.0,2.0,1.0,2.0,2.0,2.0,2.0,1.0,2.0,5.0,2.0,3.0
5041,234.0,7.062820512820513,2018-19,7.15,9.4,8.69,GRADO EN INGENIERÍA EN SISTEMAS DE TELECOMUNICACIÓN (BOE 20-04-2011),6.5,7.2,7.4,6.1,1.0,1.0,1.0,1.0,1.0,1.0,1.0,1.0,1.0,1.0,2.0,1.0,1.0,1.0,2.0,1.0
5041,216.0,6.884027777777778,2018-19,8.5,5.0,7.55,GRADO EN INGENIERÍA EN SISTEMAS DE TELECOMUNICACIÓN (BOE 20-04-2011),8.5,7.3,6.3,5.7,1.0,1.0,1.0,2.0,1.0,2.0,1.0,2.0,1.0,1.0,1.0,3.0,1.0,4.0,1.0,3.0
5041,124.5,6.21566265060241,2018-19,5.0,6.25,5.82,GRADO EN INGENIERÍA EN SISTEMAS DE TELECOMUNICACIÓN (BOE 20-04-2011),5.3,,5.1,,1.0,,1.0,,1.0,,1.0,,3.0,,1.0,,3.0,,1.0,
5041,126.0,6.542857142857143,2018-19,5.9,7.75,7.2,GRADO EN INGENIERÍA EN SISTEMAS DE TELECOMUNICACIÓN (BOE 20-04-2011),,,,5.8,,,,1.0,,,,1.0,,,,1.0,,,,1.0
5041,132.0,6.431818181818182,2019-20,,8.0,7.75,GRADO EN INGENIERÍA EN SISTEMAS DE TELECOMUNICACIÓN (BOE 20-04-2011),6.4,,5.2,5.2,1.0,,1.0,1.0,1.0,,1.0,2.0,1.0,,1.0,2.0,1.0,,1.0,3.0
5041,180.0,7.1425,2019-20,8.3,8.5,8.82,GRADO EN INGENIERÍA EN SISTEMAS DE TELECOMUNICACIÓN (BOE 20-04-2011),10.0,7.2,6.6,5.2,1.0,1.0,1.0,1.0,1.0,1.0,1.0,1.0,1.0,1.0,1.0,1.0,1.0,1.0,1.0,1.0
5041,180.0,7.319166666666667,2019-20,9.5,8.0,8.5,GRADO EN INGENIERÍA EN SISTEMAS DE TELECOMUNICACIÓN (BOE 20-04-2011),9.2,5.5,7.0,7.2,1.0,1.0,1.0,1.0,1.0,1.0,1.0,1.0,1.0,1.0,1.0,1.0,1.0,1.0,1.0,1.0
5041,126.0,6.396428571428571,2019-20,5.5,9.0,8.5,GRADO EN INGENIERÍA EN SISTEMAS DE TELECOMUNICACIÓN (BOE 20-04-2011),6.4,5.0,5.9,5.9,1.0,1.0,1.0,1.0,1.0,1.0,1.0,1.0,1.0,1.0,1.0,1.0,1.0,1.0,1.0,1.0
5041,126.0,6.223809523809524,2019-20,1.9,5.0,7.2,GRADO EN INGENIERÍA EN SISTEMAS DE TELECOMUNICACIÓN (BOE 20-04-2011),6.5,6.3,5.0,5.1,1.0,2.0,1.0,1.0,1.0,2.0,1.0,2.0,1.0,4.0,1.0,1.0,1.0,4.0,1.0,4.0
5041,162.0,6.931481481481482,2019-20,7.8,8.5,7.75,GRADO EN INGENIERÍA EN SISTEMAS DE TELECOMUNICACIÓN (BOE 20-04-2011),7.6,7.3,5.6,5.9,1.0,1.0,1.0,1.0,1.0,1.0,1.0,1.0,3.0,1.0,1.0,2.0,3.0,1.0,1.0,2.0
5041,162.0,6.618518518518519,2019-20,6.8,7.5,8.57,GRADO EN INGENIERÍA EN SISTEMAS DE TELECOMUNICACIÓN (BOE 20-04-2011),10.0,5.0,6.2,5.8,1.0,1.0,1.0,1.0,1.0,1.0,1.0,1.0,1.0,1.0,1.0,1.0,1.0,1.0,1.0,1.0
5041,150.0,7.248,2019-20,6.1,7.75,8.06,GRADO EN INGENIERÍA EN SISTEMAS DE TELECOMUNICACIÓN (BOE 20-04-2011),8.5,6.0,5.0,5.3,1.0,1.0,1.0,1.0,1.0,1.0,1.0,1.0,1.0,1.0,1.0,1.0,1.0,1.0,1.0,1.0
5041,126.0,6.1761904761904765,2019-20,6.8,3.0,6.39,GRADO EN INGENIERÍA EN SISTEMAS DE TELECOMUNICACIÓN (BOE 20-04-2011),9.4,6.5,7.0,5.4,1.0,2.0,1.0,1.0,1.0,2.0,2.0,1.0,1.0,3.0,2.0,1.0,1.0,3.0,3.0,1.0
5041,156.0,6.392307692307693,2019-20,3.95,5.88,6.7,GRADO EN INGENIERÍA EN SISTEMAS DE TELECOMUNICACIÓN (BOE 20-04-2011),5.5,7.6,6.2,5.4,1.0,1.0,1.0,1.0,1.0,1.0,1.0,2.0,1.0,2.0,1.0,1.0,1.0,2.0,1.0,3.0
5041,132.0,7.030681818181818,2019-20,6.55,6.25,8.37,GRADO EN INGENIERÍA EN SISTEMAS DE TELECOMUNICACIÓN (BOE 20-04-2011),,5.8,,,,1.0,,,,1.0,,,,1.0,,,,1.0,,
5041,132.0,7.956818181818181,2019-20,,3.75,7.0,GRADO EN INGENIERÍA EN SISTEMAS DE TELECOMUNICACIÓN (BOE 20-04-2011),,7.3,,6.5,,1.0,,1.0,,1.0,,1.0,,3.0,,1.0,,3.0,,1.0
5041,120.0,7.8100000000000005,2020-21,8.5,10.0,9.56,GRADO EN INGENIERÍA EN SISTEMAS DE TELECOMUNICACIÓN (BOE 20-04-2011),10.0,8.0,6.4,7.0,1.0,1.0,1.0,1.0,1.0,1.0,1.0,1.0,1.0,1.0,1.0,1.0,1.0,1.0,1.0,1.0
5041,120.0,7.34,2020-21,8.9,9.75,9.39,GRADO EN INGENIERÍA EN SISTEMAS DE TELECOMUNICACIÓN (BOE 20-04-2011),7.8,7.3,5.4,6.4,1.0,1.0,1.0,1.0,1.0,1.0,1.0,1.0,1.0,1.0,1.0,1.0,1.0,1.0,1.0,1.0
5051,222.0,7.047972972972973,2010-11,6.3,9.75,8.67,GRADO EN INGENIERÍA TELEMÁTICA (BOE 20-04-2011),5.9,7.0,5.0,7.0,1.0,1.0,1.0,1.0,1.0,1.0,2.0,1.0,1.0,3.0,1.0,2.0,1.0,3.0,3.0,2.0
5051,234.0,7.194230769230769,2010-11,,7.75,6.31,GRADO EN INGENIERÍA TELEMÁTICA (BOE 20-04-2011),6.2,7.1,5.4,6.6,1.0,1.0,1.0,1.0,2.0,2.0,1.0,1.0,1.0,2.0,2.0,2.0,4.0,6.0,2.0,2.0
5051,186.0,6.604032258064516,2010-11,,,5.92,GRADO EN INGENIERÍA TELEMÁTICA (BOE 20-04-2011),6.6,5.0,5.2,7.7,1.0,1.0,1.0,1.0,1.0,3.0,1.0,1.0,3.0,1.0,2.0,1.0,3.0,7.0,2.0,1.0
5051,229.5,6.8771241830065355,2010-11,,6.5,7.41,GRADO EN INGENIERÍA TELEMÁTICA (BOE 20-04-2011),7.3,6.1,5.5,6.7,1.0,2.0,1.0,1.0,2.0,3.0,1.0,1.0,2.0,6.0,2.0,2.0,6.0,8.0,2.0,2.0
5051,208.5,7.166906474820144,2010-11,7.7,,8.01,GRADO EN INGENIERÍA TELEMÁTICA (BOE 20-04-2011),10.0,6.0,7.0,7.5,1.0,2.0,1.0,2.0,3.0,2.0,3.0,2.0,2.0,5.0,2.0,3.0,7.0,5.0,6.0,3.0
5051,216.0,6.803472222222222,2010-11,6.0,9.5,7.28,GRADO EN INGENIERÍA TELEMÁTICA (BOE 20-04-2011),6.5,6.0,6.0,5.5,1.0,2.0,1.0,2.0,2.0,2.0,2.0,2.0,2.0,5.0,2.0,4.0,6.0,5.0,3.0,4.0
5051,132.0,6.261363636363637,2010-11,3.4,6.5,6.38,GRADO EN INGENIERÍA TELEMÁTICA (BOE 20-04-2011),,,,5.5,,,,2.0,,,,2.0,,,,5.0,,,,5.0
5051,180.0,6.2475,2010-11,6.6,8.67,7.25,GRADO EN INGENIERÍA TELEMÁTICA (BOE 20-04-2011),6.5,6.2,5.0,5.8,2.0,3.0,2.0,2.0,2.0,5.0,2.0,3.0,4.0,9.0,4.0,5.0,4.0,12.0,4.0,7.0
5051,222.0,7.741891891891892,2010-11,6.1,6.6,8.28,GRADO EN INGENIERÍA TELEMÁTICA (BOE 20-04-2011),5.8,5.1,6.0,5.5,1.0,1.0,1.0,1.0,1.0,2.0,2.0,1.0,3.0,3.0,1.0,1.0,3.0,5.0,4.0,1.0
5051,199.5,6.981203007518797,2010-11,,5.0,6.06,GRADO EN INGENIERÍA TELEMÁTICA (BOE 20-04-2011),8.8,5.0,5.0,6.3,2.0,1.0,1.0,2.0,2.0,1.0,2.0,2.0,5.0,2.0,1.0,4.0,5.0,2.0,4.0,4.0
5051,222.0,6.82027027027027,2010-11,,9.75,8.14,GRADO EN INGENIERÍA TELEMÁTICA (BOE 20-04-2011),7.4,5.2,6.3,6.0,1.0,2.0,1.0,1.0,2.0,2.0,2.0,2.0,1.0,6.0,1.0,2.0,4.0,6.0,4.0,4.0
5051,228.0,6.857894736842105,2010-11,5.8,,8.39,GRADO EN INGENIERÍA TELEMÁTICA (BOE 20-04-2011),9.2,6.8,5.7,6.4,1.0,1.0,1.0,1.0,2.0,2.0,1.0,1.0,2.0,1.0,1.0,2.0,5.0,4.0,1.0,2.0
5051,145.5,5.953608247422681,2010-11,3.1,4.7,5.9,GRADO EN INGENIERÍA TELEMÁTICA (BOE 20-04-2011),,,5.9,,,,1.0,,,,1.0,,,,1.0,,,,1.0,
5051,222.0,6.974324324324324,2010-11,4.0,4.5,6.07,GRADO EN INGENIERÍA TELEMÁTICA (BOE 20-04-2011),6.1,7.0,5.2,5.5,1.0,1.0,1.0,1.0,1.0,2.0,1.0,2.0,3.0,3.0,2.0,1.0,3.0,4.0,2.0,3.0
5051,204.0,7.209558823529412,2010-11,3.8,3.8,5.92,GRADO EN INGENIERÍA TELEMÁTICA (BOE 20-04-2011),9.1,5.0,5.1,5.0,1.0,1.0,1.0,1.0,2.0,2.0,2.0,2.0,3.0,3.0,1.0,1.0,5.0,6.0,4.0,5.0
5051,175.5,6.6811965811965806,2010-11,4.8,5.75,5.64,GRADO EN INGENIERÍA TELEMÁTICA (BOE 20-04-2011),5.9,5.0,6.1,7.0,1.0,1.0,1.0,2.0,2.0,2.0,1.0,3.0,2.0,1.0,1.0,3.0,4.0,5.0,1.0,7.0
5051,186.0,7.019354838709677,2010-11,4.2,3.5,6.19,GRADO EN INGENIERÍA TELEMÁTICA (BOE 20-04-2011),,6.2,5.0,5.3,,1.0,1.0,1.0,,2.0,1.0,1.0,,1.0,1.0,2.0,,6.0,1.0,2.0
5051,168.0,6.75625,2010-11,4.1,6.0,7.76,GRADO EN INGENIERÍA TELEMÁTICA (BOE 20-04-2011),,5.0,5.9,6.3,,1.0,1.0,1.0,,3.0,1.0,2.0,,3.0,1.0,2.0,,8.0,1.0,4.0
5051,174.0,6.289655172413793,2010-11,2.8,5.8,5.72,GRADO EN INGENIERÍA TELEMÁTICA (BOE 20-04-2011),6.0,5.0,5.7,6.2,1.0,3.0,1.0,1.0,2.0,4.0,3.0,4.0,1.0,7.0,1.0,2.0,4.0,10.0,6.0,9.0
5051,172.0,6.900872093023256,2010-11,3.4,4.25,5.44,GRADO EN INGENIERÍA TELEMÁTICA (BOE 20-04-2011),6.5,5.0,5.1,5.0,4.0,3.0,1.0,2.0,4.0,3.0,1.0,4.0,11.0,8.0,1.0,3.0,11.0,8.0,1.0,9.0
5051,222.0,8.646621621621621,2010-11,3.3,7.5,6.52,GRADO EN INGENIERÍA TELEMÁTICA (BOE 20-04-2011),,5.9,8.0,9.0,,1.0,2.0,2.0,,1.0,2.0,3.0,,1.0,4.0,5.0,,1.0,4.0,6.0
5051,172.5,6.684347826086956,2010-11,1.9,,5.31,GRADO EN INGENIERÍA TELEMÁTICA (BOE 20-04-2011),5.0,5.0,6.2,5.9,1.0,2.0,1.0,2.0,1.0,5.0,3.0,5.0,3.0,6.0,2.0,4.0,3.0,15.0,6.0,12.0
5051,197.0,6.828426395939086,2011-12,,7.0,6.45,GRADO EN INGENIERÍA TELEMÁTICA (BOE 20-04-2011),5.8,5.0,5.0,7.0,1.0,1.0,1.0,2.0,1.0,4.0,3.0,2.0,1.0,3.0,1.0,3.0,1.0,11.0,8.0,3.0
5051,198.0,7.112121212121212,2011-12,9.85,9.5,8.2,GRADO EN INGENIERÍA TELEMÁTICA (BOE 20-04-2011),7.8,6.1,5.0,6.1,1.0,2.0,1.0,1.0,1.0,3.0,1.0,1.0,1.0,6.0,2.0,2.0,1.0,8.0,2.0,2.0
5051,120.0,8.235000000000001,2011-12,,,8.83,GRADO EN INGENIERÍA TELEMÁTICA (BOE 20-04-2011),8.0,5.7,7.7,9.0,1.0,1.0,1.0,1.0,1.0,1.0,1.0,1.0,1.0,1.0,1.0,1.0,1.0,1.0,1.0,1.0
5051,192.0,6.6820312500000005,2011-12,9.2,2.5,7.17,GRADO EN INGENIERÍA TELEMÁTICA (BOE 20-04-2011),6.7,5.0,5.0,6.7,1.0,1.0,1.0,1.0,1.0,2.0,2.0,1.0,1.0,2.0,2.0,2.0,1.0,4.0,3.0,2.0
5051,234.0,7.13974358974359,2011-12,8.4,3.5,8.21,GRADO EN INGENIERÍA TELEMÁTICA (BOE 20-04-2011),6.4,6.0,6.7,6.6,1.0,1.0,1.0,1.0,2.0,1.0,1.0,2.0,1.0,1.0,2.0,1.0,4.0,1.0,2.0,4.0
5051,228.0,8.023026315789474,2011-12,6.8,5.5,8.34,GRADO EN INGENIERÍA TELEMÁTICA (BOE 20-04-2011),9.0,7.2,5.2,8.2,1.0,1.0,1.0,1.0,1.0,1.0,1.0,1.0,1.0,2.0,1.0,1.0,1.0,2.0,1.0,1.0
5051,234.0,7.392948717948718,2011-12,9.8,5.0,8.06,GRADO EN INGENIERÍA TELEMÁTICA (BOE 20-04-2011),7.5,5.7,6.4,6.5,1.0,3.0,2.0,1.0,1.0,3.0,2.0,2.0,1.0,8.0,4.0,2.0,1.0,8.0,4.0,3.0
5051,192.0,6.8078125,2011-12,4.0,9.0,7.58,GRADO EN INGENIERÍA TELEMÁTICA (BOE 20-04-2011),,5.0,,6.2,,2.0,,1.0,,3.0,,2.0,,5.0,,2.0,,9.0,,4.0
5051,222.0,7.039864864864865,2011-12,9.8,8.75,7.69,GRADO EN INGENIERÍA TELEMÁTICA (BOE 20-04-2011),9.0,7.0,5.1,7.0,1.0,1.0,1.0,1.0,1.0,2.0,1.0,2.0,1.0,3.0,1.0,2.0,1.0,6.0,1.0,4.0
5051,169.5,6.65929203539823,2011-12,,9.05,6.27,GRADO EN INGENIERÍA TELEMÁTICA (BOE 20-04-2011),8.2,,5.4,5.0,1.0,,1.0,4.0,1.0,,1.0,4.0,2.0,,2.0,10.0,2.0,,2.0,10.0
5051,162.0,6.177777777777777,2011-12,1.5,3.25,6.13,GRADO EN INGENIERÍA TELEMÁTICA (BOE 20-04-2011),7.7,6.4,5.1,5.8,1.0,1.0,2.0,2.0,1.0,3.0,2.0,3.0,2.0,1.0,4.0,4.0,2.0,7.0,4.0,7.0
5051,150.0,6.5680000000000005,2011-12,2.8,1.0,,GRADO EN INGENIERÍA TELEMÁTICA (BOE 20-04-2011),7.3,5.0,,,1.0,2.0,,,1.0,3.0,,,1.0,6.0,,,1.0,9.0,,
5051,202.0,6.767574257425743,2011-12,7.1,2.0,6.4,GRADO EN INGENIERÍA TELEMÁTICA (BOE 20-04-2011),7.5,6.3,5.7,5.2,2.0,3.0,2.0,1.0,2.0,4.0,2.0,1.0,4.0,8.0,3.0,2.0,4.0,10.0,3.0,2.0
5051,168.0,8.185714285714287,2011-12,6.1,7.8,5.78,GRADO EN INGENIERÍA TELEMÁTICA (BOE 20-04-2011),10.0,6.1,,,1.0,2.0,,,1.0,2.0,,,1.0,4.0,,,1.0,4.0,,
5051,143.0,6.817482517482517,2011-12,1.3,6.0,6.15,GRADO EN INGENIERÍA TELEMÁTICA (BOE 20-04-2011),9.8,5.0,5.0,,2.0,1.0,1.0,,2.0,3.0,2.0,,4.0,2.0,1.0,,4.0,7.0,5.0,
5051,120.0,6.211250000000001,2012-13,3.2,5.3,5.91,GRADO EN INGENIERÍA TELEMÁTICA (BOE 20-04-2011),5.0,,5.6,,1.0,,1.0,,1.0,,1.0,,2.0,,2.0,,2.0,,2.0,
5051,215.0,6.575348837209303,2012-13,9.2,4.33,7.98,GRADO EN INGENIERÍA TELEMÁTICA (BOE 20-04-2011),8.4,,5.1,5.7,1.0,,1.0,4.0,2.0,,1.0,4.0,3.0,,2.0,8.0,4.0,,2.0,8.0
5051,210.0,8.170714285714284,2012-13,,,7.26,GRADO EN INGENIERÍA TELEMÁTICA (BOE 20-04-2011),7.7,6.4,7.7,7.0,1.0,1.0,1.0,1.0,1.0,1.0,1.0,1.0,1.0,1.0,1.0,1.0,1.0,1.0,1.0,1.0
5051,210.0,7.37,2012-13,7.4,4.0,7.75,GRADO EN INGENIERÍA TELEMÁTICA (BOE 20-04-2011),10.0,5.8,7.1,5.5,1.0,1.0,1.0,1.0,1.0,1.0,1.0,1.0,1.0,2.0,1.0,1.0,1.0,2.0,1.0,1.0
5051,216.0,7.479166666666667,2012-13,7.9,3.25,7.46,GRADO EN INGENIERÍA TELEMÁTICA (BOE 20-04-2011),10.0,5.5,8.5,5.6,1.0,1.0,1.0,1.0,1.0,1.0,1.0,1.0,1.0,1.0,1.0,1.0,1.0,1.0,1.0,1.0
5051,234.0,7.907051282051282,2012-13,7.8,4.25,7.97,GRADO EN INGENIERÍA TELEMÁTICA (BOE 20-04-2011),10.0,7.0,6.3,7.0,1.0,1.0,1.0,1.0,1.0,3.0,1.0,1.0,1.0,3.0,1.0,1.0,1.0,7.0,1.0,1.0
5051,198.0,6.51060606060606,2012-13,6.6,5.25,6.45,GRADO EN INGENIERÍA TELEMÁTICA (BOE 20-04-2011),6.4,6.4,6.6,5.6,1.0,2.0,1.0,1.0,2.0,2.0,1.0,2.0,3.0,4.0,1.0,1.0,4.0,4.0,1.0,4.0
5051,138.0,6.665217391304347,2012-13,2.0,2.5,5.97,GRADO EN INGENIERÍA TELEMÁTICA (BOE 20-04-2011),8.0,,5.0,,4.0,,5.0,,5.0,,5.0,,12.0,,14.0,,13.0,,14.0,
5051,228.0,7.0855263157894735,2012-13,7.8,9.0,6.86,GRADO EN INGENIERÍA TELEMÁTICA (BOE 20-04-2011),8.2,5.6,8.1,6.1,1.0,1.0,1.0,1.0,1.0,1.0,1.0,1.0,1.0,3.0,1.0,1.0,1.0,3.0,1.0,1.0
5051,228.0,7.815789473684211,2012-13,6.28,6.53,8.6,GRADO EN INGENIERÍA TELEMÁTICA (BOE 20-04-2011),10.0,5.5,5.9,5.5,1.0,1.0,1.0,1.0,1.0,1.0,1.0,1.0,1.0,1.0,1.0,1.0,1.0,1.0,1.0,1.0
5051,206.0,6.695631067961165,2012-13,,,6.2,GRADO EN INGENIERÍA TELEMÁTICA (BOE 20-04-2011),6.4,6.2,5.3,5.4,1.0,1.0,1.0,2.0,2.0,2.0,1.0,2.0,2.0,3.0,1.0,5.0,4.0,6.0,1.0,5.0
5051,186.0,6.669354838709677,2012-13,8.3,,7.88,GRADO EN INGENIERÍA TELEMÁTICA (BOE 20-04-2011),6.6,7.0,7.3,5.8,1.0,3.0,1.0,4.0,1.0,3.0,1.0,4.0,3.0,8.0,2.0,9.0,3.0,8.0,2.0,9.0
5051,186.0,7.593548387096774,2012-13,3.2,4.35,6.46,GRADO EN INGENIERÍA TELEMÁTICA (BOE 20-04-2011),5.0,5.4,5.5,6.4,1.0,1.0,1.0,1.0,1.0,1.0,1.0,1.0,1.0,3.0,1.0,2.0,1.0,3.0,1.0,2.0
5051,227.0,6.975770925110132,2012-13,9.5,7.25,7.35,GRADO EN INGENIERÍA TELEMÁTICA (BOE 20-04-2011),6.7,5.8,7.7,5.9,1.0,1.0,1.0,1.0,1.0,2.0,1.0,1.0,1.0,1.0,1.0,1.0,1.0,5.0,1.0,1.0
5051,184.5,6.801626016260162,2012-13,,6.5,5.59,GRADO EN INGENIERÍA TELEMÁTICA (BOE 20-04-2011),5.0,5.1,5.7,5.4,1.0,1.0,1.0,1.0,1.0,1.0,1.0,1.0,3.0,2.0,1.0,1.0,3.0,2.0,1.0,1.0
5051,150.0,7.115,2012-13,2.3,8.1,6.12,GRADO EN INGENIERÍA TELEMÁTICA (BOE 20-04-2011),9.3,5.1,5.2,,3.0,2.0,3.0,,3.0,2.0,3.0,,7.0,6.0,8.0,,7.0,6.0,8.0,
5051,168.0,7.233035714285715,2012-13,4.2,9.1,7.66,GRADO EN INGENIERÍA TELEMÁTICA (BOE 20-04-2011),7.0,5.4,,5.1,1.0,1.0,,1.0,1.0,2.0,,1.0,1.0,3.0,,2.0,1.0,4.0,,2.0
5051,168.0,7.200892857142857,2012-13,3.8,7.0,6.25,GRADO EN INGENIERÍA TELEMÁTICA (BOE 20-04-2011),,7.0,,5.7,,2.0,,1.0,,2.0,,3.0,,5.0,,2.0,,5.0,,7.0
5051,192.0,8.163281249999999,2012-13,7.65,3.25,6.83,GRADO EN INGENIERÍA TELEMÁTICA (BOE 20-04-2011),,6.2,6.1,7.0,,1.0,1.0,1.0,,1.0,1.0,1.0,,3.0,1.0,1.0,,3.0,1.0,1.0
5051,138.0,7.378260869565218,2012-13,5.0,9.15,7.3,GRADO EN INGENIERÍA TELEMÁTICA (BOE 20-04-2011),,5.0,,5.6,,2.0,,1.0,,3.0,,1.0,,6.0,,1.0,,9.0,,1.0
5051,120.0,7.29,2012-13,4.8,10.0,7.49,GRADO EN INGENIERÍA TELEMÁTICA (BOE 20-04-2011),,6.0,6.0,,,2.0,1.0,,,2.0,1.0,,,6.0,1.0,,,6.0,1.0,
5051,127.0,7.174409448818897,2012-13,2.2,3.0,5.51,GRADO EN INGENIERÍA TELEMÁTICA (BOE 20-04-2011),5.0,5.0,5.4,5.0,1.0,2.0,1.0,4.0,1.0,3.0,1.0,5.0,1.0,4.0,1.0,9.0,1.0,9.0,1.0,13.0
5051,126.0,7.517857142857143,2012-13,2.8,4.5,6.19,GRADO EN INGENIERÍA TELEMÁTICA (BOE 20-04-2011),,,,6.6,,,,1.0,,,,1.0,,,,1.0,,,,1.0
5051,156.0,7.7682692307692305,2012-13,8.2,6.8,7.87,GRADO EN INGENIERÍA TELEMÁTICA (BOE 20-04-2011),,6.3,,6.4,,4.0,,2.0,,4.0,,2.0,,10.0,,5.0,,10.0,,5.0
5051,150.0,6.356999999999999,2012-13,6.7,5.5,6.0,GRADO EN INGENIERÍA TELEMÁTICA (BOE 20-04-2011),6.0,5.0,,5.0,1.0,1.0,,1.0,2.0,5.0,,5.0,1.0,1.0,,1.0,5.0,14.0,,13.0
5051,126.0,6.688095238095238,2012-13,,9.0,7.63,GRADO EN INGENIERÍA TELEMÁTICA (BOE 20-04-2011),,,5.2,5.0,,,1.0,1.0,,,2.0,2.0,,,1.0,2.0,,,5.0,4.0
5051,167.5,6.7032835820895516,2012-13,3.1,2.5,5.81,GRADO EN INGENIERÍA TELEMÁTICA (BOE 20-04-2011),10.0,5.1,7.6,5.0,1.0,1.0,1.0,1.0,2.0,1.0,1.0,5.0,2.0,1.0,1.0,2.0,4.0,1.0,1.0,13.0
5051,210.0,6.631428571428571,2013-14,4.7,5.3,6.66,GRADO EN INGENIERÍA TELEMÁTICA (BOE 20-04-2011),9.5,6.0,5.3,6.1,1.0,2.0,2.0,2.0,1.0,2.0,2.0,3.0,3.0,5.0,4.0,4.0,3.0,5.0,4.0,6.0
5051,192.0,6.57890625,2013-14,2.7,8.25,6.34,GRADO EN INGENIERÍA TELEMÁTICA (BOE 20-04-2011),6.0,5.0,5.4,5.0,1.0,1.0,1.0,2.0,2.0,1.0,4.0,3.0,3.0,2.0,2.0,4.0,5.0,2.0,9.0,7.0
5051,168.0,6.739285714285715,2013-14,7.7,7.9,7.65,GRADO EN INGENIERÍA TELEMÁTICA (BOE 20-04-2011),5.5,,5.1,5.2,1.0,,1.0,1.0,1.0,,1.0,1.0,2.0,,1.0,1.0,2.0,,1.0,1.0
5051,234.0,8.482051282051282,2013-14,9.4,7.2,8.3,GRADO EN INGENIERÍA TELEMÁTICA (BOE 20-04-2011),8.0,7.0,7.3,7.4,1.0,1.0,1.0,1.0,1.0,1.0,1.0,1.0,1.0,1.0,1.0,1.0,1.0,1.0,1.0,1.0
5051,196.5,6.672519083969466,2013-14,,5.5,7.86,GRADO EN INGENIERÍA TELEMÁTICA (BOE 20-04-2011),7.0,5.0,7.0,5.5,1.0,1.0,1.0,1.0,1.0,3.0,2.0,3.0,2.0,3.0,2.0,1.0,2.0,8.0,4.0,7.0
5051,234.0,7.961538461538462,2013-14,7.1,10.0,7.97,GRADO EN INGENIERÍA TELEMÁTICA (BOE 20-04-2011),8.0,7.0,5.8,7.7,1.0,1.0,1.0,1.0,1.0,1.0,1.0,1.0,1.0,1.0,1.0,1.0,1.0,1.0,1.0,1.0
5051,208.5,6.666187050359713,2013-14,7.6,2.35,6.52,GRADO EN INGENIERÍA TELEMÁTICA (BOE 20-04-2011),7.1,5.3,5.9,5.3,1.0,1.0,1.0,1.0,1.0,3.0,2.0,3.0,1.0,3.0,1.0,2.0,1.0,7.0,3.0,6.0
5051,210.0,6.5757142857142865,2013-14,6.8,6.3,8.06,GRADO EN INGENIERÍA TELEMÁTICA (BOE 20-04-2011),9.0,5.9,5.0,5.9,1.0,3.0,1.0,3.0,1.0,3.0,1.0,3.0,3.0,7.0,2.0,6.0,3.0,7.0,2.0,6.0
5051,234.0,7.716666666666667,2013-14,7.2,6.6,7.53,GRADO EN INGENIERÍA TELEMÁTICA (BOE 20-04-2011),6.0,6.3,5.1,6.3,1.0,1.0,1.0,1.0,1.0,1.0,1.0,1.0,2.0,1.0,1.0,1.0,2.0,1.0,1.0,1.0
5051,162.0,7.804629629629629,2013-14,7.0,6.45,7.61,GRADO EN INGENIERÍA TELEMÁTICA (BOE 20-04-2011),9.0,5.0,,5.0,1.0,1.0,,1.0,1.0,1.0,,3.0,1.0,2.0,,2.0,1.0,2.0,,7.0
5051,160.5,7.201869158878505,2013-14,9.9,8.75,8.95,GRADO EN INGENIERÍA TELEMÁTICA (BOE 20-04-2011),5.0,,5.1,,1.0,,1.0,,1.0,,1.0,,1.0,,1.0,,1.0,,1.0,
5051,178.5,6.583193277310924,2013-14,6.4,5.95,5.62,GRADO EN INGENIERÍA TELEMÁTICA (BOE 20-04-2011),9.2,5.0,5.1,7.2,1.0,2.0,3.0,2.0,1.0,2.0,3.0,4.0,1.0,6.0,8.0,5.0,1.0,6.0,8.0,9.0
5051,220.0,6.852045454545455,2013-14,,8.85,7.14,GRADO EN INGENIERÍA TELEMÁTICA (BOE 20-04-2011),8.2,6.0,5.9,5.7,1.0,1.0,1.0,1.0,1.0,2.0,1.0,2.0,1.0,3.0,2.0,1.0,1.0,5.0,2.0,4.0
5051,210.0,6.904285714285714,2013-14,,5.0,6.72,GRADO EN INGENIERÍA TELEMÁTICA (BOE 20-04-2011),5.0,5.0,5.0,5.6,1.0,1.0,2.0,1.0,1.0,3.0,3.0,1.0,1.0,3.0,4.0,1.0,1.0,8.0,6.0,1.0
5051,154.5,7.515533980582525,2013-14,,7.5,6.38,GRADO EN INGENIERÍA TELEMÁTICA (BOE 20-04-2011),6.0,,,,1.0,,,,1.0,,,,3.0,,,,3.0,,,
5051,169.5,6.794690265486726,2013-14,2.9,5.25,5.33,GRADO EN INGENIERÍA TELEMÁTICA (BOE 20-04-2011),7.0,5.0,5.2,,1.0,1.0,1.0,,1.0,1.0,2.0,,1.0,3.0,1.0,,1.0,3.0,5.0,
5051,126.0,6.417857142857143,2013-14,5.3,5.0,5.34,GRADO EN INGENIERÍA TELEMÁTICA (BOE 20-04-2011),5.1,5.3,5.0,5.0,1.0,1.0,1.0,1.0,1.0,4.0,1.0,2.0,3.0,3.0,2.0,1.0,3.0,10.0,2.0,3.0
5051,144.0,7.8656250000000005,2013-14,,9.75,7.28,GRADO EN INGENIERÍA TELEMÁTICA (BOE 20-04-2011),,,,7.7,,,,1.0,,,,1.0,,,,1.0,,,,1.0
5051,129.5,6.667567567567567,2013-14,5.4,3.3,5.4,GRADO EN INGENIERÍA TELEMÁTICA (BOE 20-04-2011),,5.0,,5.3,,2.0,,1.0,,3.0,,3.0,,5.0,,1.0,,9.0,,6.0
5051,121.5,6.676543209876543,2013-14,2.8,6.0,5.31,GRADO EN INGENIERÍA TELEMÁTICA (BOE 20-04-2011),,6.2,,5.2,,1.0,,1.0,,2.0,,2.0,,1.0,,2.0,,4.0,,5.0
5051,210.0,7.057857142857143,2014-15,7.5,4.75,,GRADO EN INGENIERÍA TELEMÁTICA (BOE 20-04-2011),8.7,5.0,5.0,6.1,1.0,1.0,1.0,1.0,1.0,3.0,1.0,2.0,1.0,2.0,2.0,1.0,1.0,8.0,2.0,3.0
5051,221.0,7.416742081447963,2014-15,3.73,4.5,7.3,GRADO EN INGENIERÍA TELEMÁTICA (BOE 20-04-2011),8.1,5.3,5.2,7.7,1.0,1.0,1.0,1.0,1.0,1.0,1.0,1.0,1.0,1.0,1.0,1.0,1.0,1.0,1.0,1.0
5051,194.0,6.859793814432989,2014-15,7.0,5.0,7.88,GRADO EN INGENIERÍA TELEMÁTICA (BOE 20-04-2011),9.4,5.5,5.0,6.3,1.0,2.0,2.0,1.0,1.0,2.0,2.0,2.0,1.0,5.0,4.0,2.0,1.0,5.0,4.0,4.0
5051,210.5,6.916389548693587,2014-15,7.1,,6.54,GRADO EN INGENIERÍA TELEMÁTICA (BOE 20-04-2011),6.2,5.8,7.1,5.9,1.0,2.0,1.0,3.0,1.0,3.0,2.0,3.0,1.0,4.0,2.0,6.0,1.0,7.0,5.0,6.0
5051,204.0,7.141911764705883,2014-15,4.3,3.75,6.96,GRADO EN INGENIERÍA TELEMÁTICA (BOE 20-04-2011),7.6,6.5,5.7,7.6,1.0,1.0,1.0,1.0,1.0,1.0,1.0,1.0,1.0,2.0,2.0,2.0,1.0,2.0,2.0,2.0
5051,174.0,6.605172413793103,2014-15,6.35,5.0,7.09,GRADO EN INGENIERÍA TELEMÁTICA (BOE 20-04-2011),10.0,5.0,5.0,5.0,1.0,1.0,1.0,1.0,1.0,3.0,1.0,4.0,1.0,3.0,2.0,1.0,1.0,9.0,2.0,11.0
5051,202.5,6.713333333333334,2014-15,4.0,3.38,6.54,GRADO EN INGENIERÍA TELEMÁTICA (BOE 20-04-2011),7.0,6.1,5.6,6.3,1.0,1.0,1.0,1.0,1.0,2.0,2.0,2.0,2.0,3.0,1.0,1.0,2.0,5.0,3.0,4.0
5051,151.5,6.366336633663367,2014-15,6.0,1.75,5.57,GRADO EN INGENIERÍA TELEMÁTICA (BOE 20-04-2011),5.4,5.0,5.0,,1.0,1.0,1.0,,1.0,2.0,2.0,,1.0,3.0,1.0,,1.0,5.0,3.0,
5051,228.0,7.078947368421052,2014-15,3.0,6.35,6.63,GRADO EN INGENIERÍA TELEMÁTICA (BOE 20-04-2011),6.0,7.0,5.6,5.8,1.0,1.0,1.0,1.0,1.0,2.0,2.0,1.0,1.0,1.0,1.0,1.0,1.0,4.0,4.0,1.0
5051,234.0,7.763461538461539,2014-15,6.75,8.25,8.86,GRADO EN INGENIERÍA TELEMÁTICA (BOE 20-04-2011),10.0,7.2,6.0,6.6,1.0,1.0,1.0,1.0,1.0,1.0,1.0,1.0,1.0,3.0,1.0,1.0,1.0,3.0,1.0,1.0
5051,198.0,7.73939393939394,2014-15,9.5,10.0,9.74,GRADO EN INGENIERÍA TELEMÁTICA (BOE 20-04-2011),9.5,,8.7,7.4,1.0,,4.0,1.0,1.0,,4.0,1.0,1.0,,11.0,1.0,1.0,,11.0,1.0
5051,222.0,8.272297297297298,2014-15,3.7,9.0,8.87,GRADO EN INGENIERÍA TELEMÁTICA (BOE 20-04-2011),10.0,5.5,5.0,7.4,1.0,1.0,1.0,1.0,1.0,1.0,1.0,1.0,1.0,1.0,1.0,1.0,1.0,1.0,1.0,1.0
5051,204.0,6.836029411764706,2014-15,3.45,4.63,6.96,GRADO EN INGENIERÍA TELEMÁTICA (BOE 20-04-2011),7.8,6.4,6.2,5.7,1.0,1.0,1.0,1.0,1.0,2.0,1.0,2.0,1.0,2.0,1.0,1.0,1.0,5.0,1.0,3.0
5051,198.0,6.293939393939394,2014-15,5.9,,5.6,GRADO EN INGENIERÍA TELEMÁTICA (BOE 20-04-2011),6.1,5.8,5.4,5.6,1.0,2.0,1.0,1.0,1.0,2.0,1.0,1.0,1.0,4.0,1.0,1.0,1.0,4.0,1.0,1.0
5051,183.0,6.832786885245902,2014-15,4.0,8.5,8.34,GRADO EN INGENIERÍA TELEMÁTICA (BOE 20-04-2011),7.5,5.0,5.0,5.7,1.0,1.0,2.0,1.0,1.0,2.0,3.0,1.0,1.0,2.0,5.0,1.0,1.0,4.0,6.0,1.0
5051,142.5,6.193684210526316,2014-15,4.5,3.5,5.81,GRADO EN INGENIERÍA TELEMÁTICA (BOE 20-04-2011),5.1,5.0,5.9,,1.0,3.0,1.0,,1.0,3.0,2.0,,1.0,9.0,1.0,,1.0,9.0,3.0,
5051,186.0,6.657258064516129,2014-15,,,5.93,GRADO EN INGENIERÍA TELEMÁTICA (BOE 20-04-2011),5.0,5.6,5.5,7.0,1.0,1.0,3.0,1.0,1.0,2.0,3.0,2.0,3.0,2.0,6.0,2.0,3.0,6.0,6.0,4.0
5051,206.0,6.690048543689321,2014-15,3.45,3.63,6.19,GRADO EN INGENIERÍA TELEMÁTICA (BOE 20-04-2011),7.3,5.5,5.2,6.3,1.0,1.0,1.0,2.0,1.0,2.0,2.0,3.0,1.0,2.0,1.0,4.0,1.0,4.0,3.0,6.0
5051,156.0,6.872115384615384,2014-15,6.4,6.75,6.9,GRADO EN INGENIERÍA TELEMÁTICA (BOE 20-04-2011),,6.1,,5.6,,1.0,,1.0,,1.0,,2.0,,2.0,,1.0,,2.0,,4.0
5051,142.5,6.265263157894736,2014-15,5.65,4.25,6.2,GRADO EN INGENIERÍA TELEMÁTICA (BOE 20-04-2011),5.3,,5.3,,1.0,,2.0,,3.0,,3.0,,2.0,,5.0,,7.0,,8.0,
5051,126.0,7.848809523809523,2014-15,5.1,1.63,6.59,GRADO EN INGENIERÍA TELEMÁTICA (BOE 20-04-2011),,5.2,,,,2.0,,,,2.0,,,,5.0,,,,5.0,,
5051,186.0,6.549193548387097,2014-15,7.05,6.0,5.67,GRADO EN INGENIERÍA TELEMÁTICA (BOE 20-04-2011),7.5,5.0,5.3,5.0,2.0,1.0,3.0,1.0,3.0,2.0,3.0,1.0,6.0,2.0,8.0,2.0,8.0,4.0,8.0,2.0
5051,162.0,6.553703703703704,2014-15,,1.75,5.53,GRADO EN INGENIERÍA TELEMÁTICA (BOE 20-04-2011),,5.8,5.5,,,1.0,1.0,,,1.0,2.0,,,1.0,2.0,,,1.0,4.0,
5051,222.0,7.736486486486487,2015-16,,9.15,8.94,GRADO EN INGENIERÍA TELEMÁTICA (BOE 20-04-2011),8.4,6.2,5.6,9.0,1.0,1.0,1.0,1.0,1.0,2.0,1.0,1.0,1.0,3.0,1.0,1.0,1.0,4.0,1.0,1.0
5051,217.5,7.1689655172413795,2015-16,6.3,7.5,7.31,GRADO EN INGENIERÍA TELEMÁTICA (BOE 20-04-2011),8.0,7.1,5.9,8.1,1.0,1.0,1.0,2.0,1.0,2.0,1.0,2.0,1.0,3.0,2.0,3.0,1.0,5.0,2.0,3.0
5051,214.0,7.1850467289719635,2015-16,5.1,8.65,7.85,GRADO EN INGENIERÍA TELEMÁTICA (BOE 20-04-2011),7.4,5.7,5.0,7.4,1.0,2.0,1.0,1.0,1.0,2.0,1.0,2.0,1.0,4.0,2.0,2.0,1.0,4.0,2.0,5.0
5051,244.0,8.34467213114754,2015-16,8.5,9.9,8.2,GRADO EN INGENIERÍA TELEMÁTICA (BOE 20-04-2011),9.0,7.0,7.7,7.8,1.0,1.0,1.0,1.0,1.0,1.0,1.0,1.0,1.0,1.0,1.0,1.0,1.0,1.0,1.0,1.0
5051,234.0,6.707692307692307,2015-16,5.4,7.25,7.12,GRADO EN INGENIERÍA TELEMÁTICA (BOE 20-04-2011),5.2,5.2,5.0,6.2,1.0,1.0,1.0,3.0,1.0,1.0,2.0,3.0,3.0,3.0,2.0,7.0,3.0,3.0,3.0,7.0
5051,211.5,6.670212765957447,2015-16,,2.85,6.27,GRADO EN INGENIERÍA TELEMÁTICA (BOE 20-04-2011),7.8,5.0,5.4,5.9,1.0,2.0,2.0,2.0,1.0,2.0,2.0,2.0,3.0,4.0,4.0,4.0,3.0,4.0,4.0,4.0
5051,228.0,7.050657894736842,2015-16,8.4,,8.94,GRADO EN INGENIERÍA TELEMÁTICA (BOE 20-04-2011),5.0,6.2,6.2,5.7,1.0,2.0,1.0,1.0,1.0,2.0,1.0,1.0,3.0,4.0,1.0,1.0,3.0,4.0,1.0,1.0
5051,234.0,7.5211538461538465,2015-16,5.0,7.25,7.95,GRADO EN INGENIERÍA TELEMÁTICA (BOE 20-04-2011),7.9,6.0,5.1,6.7,1.0,1.0,1.0,1.0,1.0,1.0,1.0,1.0,1.0,3.0,1.0,1.0,1.0,3.0,1.0,1.0
5051,228.0,7.209868421052631,2015-16,2.9,6.35,6.55,GRADO EN INGENIERÍA TELEMÁTICA (BOE 20-04-2011),9.0,5.2,6.0,7.6,1.0,2.0,1.0,1.0,2.0,2.0,2.0,2.0,3.0,5.0,2.0,1.0,4.0,5.0,4.0,4.0
5051,234.0,7.533974358974359,2015-16,7.4,9.25,8.95,GRADO EN INGENIERÍA TELEMÁTICA (BOE 20-04-2011),6.4,7.0,6.6,5.9,1.0,1.0,1.0,1.0,1.0,1.0,1.0,1.0,1.0,2.0,1.0,1.0,1.0,2.0,1.0,1.0
5051,216.0,7.1715277777777775,2015-16,3.9,3.38,6.61,GRADO EN INGENIERÍA TELEMÁTICA (BOE 20-04-2011),7.6,6.0,5.4,7.2,1.0,1.0,2.0,2.0,2.0,2.0,2.0,2.0,2.0,3.0,5.0,3.0,4.0,6.0,5.0,3.0
5051,216.0,7.105555555555555,2015-16,4.48,5.0,5.94,GRADO EN INGENIERÍA TELEMÁTICA (BOE 20-04-2011),8.5,5.6,7.0,9.0,1.0,1.0,1.0,1.0,1.0,2.0,1.0,1.0,1.0,3.0,1.0,1.0,1.0,4.0,1.0,1.0
5051,157.5,6.809523809523809,2015-16,2.7,6.75,6.1,GRADO EN INGENIERÍA TELEMÁTICA (BOE 20-04-2011),,5.1,5.5,7.5,,2.0,1.0,3.0,,2.0,1.0,3.0,,5.0,2.0,7.0,,5.0,2.0,7.0
5051,144.0,6.961458333333334,2015-16,7.3,5.08,6.5,GRADO EN INGENIERÍA TELEMÁTICA (BOE 20-04-2011),,5.0,,5.0,,3.0,,1.0,,3.0,,2.0,,9.0,,2.0,,9.0,,5.0
5051,151.5,7.190099009900989,2015-16,6.4,6.25,7.58,GRADO EN INGENIERÍA TELEMÁTICA (BOE 20-04-2011),,5.8,,6.7,,4.0,,2.0,,4.0,,2.0,,10.0,,4.0,,10.0,,4.0
5051,142.5,7.303859649122806,2015-16,4.8,4.3,6.94,GRADO EN INGENIERÍA TELEMÁTICA (BOE 20-04-2011),,5.6,,6.4,,3.0,,2.0,,3.0,,2.0,,9.0,,4.0,,9.0,,4.0
5051,142.5,7.009473684210526,2015-16,3.7,6.25,6.75,GRADO EN INGENIERÍA TELEMÁTICA (BOE 20-04-2011),,5.6,,5.0,,1.0,,2.0,,1.0,,3.0,,3.0,,3.0,,3.0,,6.0
5051,178.5,6.76218487394958,2015-16,7.4,1.75,5.77,GRADO EN INGENIERÍA TELEMÁTICA (BOE 20-04-2011),5.5,6.5,5.9,5.8,1.0,3.0,2.0,1.0,2.0,3.0,2.0,2.0,3.0,7.0,4.0,1.0,4.0,7.0,4.0,4.0
5051,169.5,6.714159292035398,2015-16,,2.25,5.92,GRADO EN INGENIERÍA TELEMÁTICA (BOE 20-04-2011),5.0,6.2,5.0,5.0,1.0,1.0,2.0,1.0,1.0,2.0,2.0,2.0,1.0,3.0,4.0,1.0,1.0,6.0,4.0,3.0
5051,136.5,6.472527472527473,2016-17,4.05,7.3,7.05,GRADO EN INGENIERÍA TELEMÁTICA (BOE 20-04-2011),6.0,,5.0,,1.0,,1.0,,1.0,,1.0,,2.0,,1.0,,2.0,,1.0,
5051,228.0,7.252631578947368,2016-17,5.0,5.5,6.53,GRADO EN INGENIERÍA TELEMÁTICA (BOE 20-04-2011),7.2,6.3,6.9,7.6,1.0,3.0,2.0,2.0,1.0,3.0,2.0,2.0,1.0,7.0,3.0,4.0,1.0,7.0,3.0,4.0
5051,234.0,7.5070512820512825,2016-17,2.1,5.0,8.1,GRADO EN INGENIERÍA TELEMÁTICA (BOE 20-04-2011),9.0,5.7,6.4,6.3,1.0,1.0,1.0,1.0,1.0,1.0,2.0,1.0,1.0,2.0,2.0,1.0,1.0,2.0,4.0,1.0
5051,164.5,6.641033434650456,2016-17,1.35,6.0,6.7,GRADO EN INGENIERÍA TELEMÁTICA (BOE 20-04-2011),5.0,,6.0,5.7,1.0,,1.0,3.0,1.0,,1.0,4.0,1.0,,2.0,7.0,1.0,,2.0,10.0
5051,198.0,6.53030303030303,2016-17,3.8,7.0,6.71,GRADO EN INGENIERÍA TELEMÁTICA (BOE 20-04-2011),7.0,5.1,5.0,6.0,2.0,1.0,1.0,2.0,2.0,2.0,1.0,2.0,4.0,3.0,2.0,3.0,4.0,5.0,2.0,3.0
5051,163.5,6.2853211009174315,2016-17,4.55,8.5,6.72,GRADO EN INGENIERÍA TELEMÁTICA (BOE 20-04-2011),7.0,,5.8,5.3,1.0,,1.0,4.0,1.0,,1.0,4.0,1.0,,1.0,9.0,1.0,,1.0,9.0
5051,150.0,6.769,2016-17,3.25,6.5,6.98,GRADO EN INGENIERÍA TELEMÁTICA (BOE 20-04-2011),10.0,,5.1,,1.0,,1.0,,2.0,,1.0,,3.0,,1.0,,4.0,,1.0,
5051,210.0,6.5842857142857145,2016-17,3.85,5.25,6.97,GRADO EN INGENIERÍA TELEMÁTICA (BOE 20-04-2011),5.3,5.1,5.1,5.1,2.0,1.0,2.0,1.0,2.0,1.0,2.0,1.0,4.0,2.0,4.0,1.0,4.0,2.0,4.0,1.0
5051,216.0,7.878472222222222,2016-17,6.6,6.5,8.76,GRADO EN INGENIERÍA TELEMÁTICA (BOE 20-04-2011),5.6,6.3,5.0,6.3,1.0,1.0,1.0,1.0,1.0,1.0,1.0,1.0,2.0,1.0,1.0,1.0,2.0,1.0,1.0,1.0
5051,208.5,6.853237410071942,2016-17,1.2,4.5,6.84,GRADO EN INGENIERÍA TELEMÁTICA (BOE 20-04-2011),7.1,5.6,5.9,5.5,1.0,1.0,1.0,1.0,1.0,1.0,1.0,3.0,1.0,2.0,2.0,2.0,1.0,2.0,2.0,6.0
5051,202.5,6.805185185185185,2016-17,,0.5,6.29,GRADO EN INGENIERÍA TELEMÁTICA (BOE 20-04-2011),5.0,6.1,5.3,5.9,3.0,1.0,1.0,1.0,3.0,1.0,2.0,2.0,7.0,1.0,2.0,2.0,7.0,1.0,3.0,4.0
5051,210.0,7.0164285714285715,2016-17,7.8,10.0,9.01,GRADO EN INGENIERÍA TELEMÁTICA (BOE 20-04-2011),10.0,5.0,6.4,6.7,1.0,1.0,1.0,1.0,1.0,2.0,1.0,1.0,1.0,2.0,2.0,1.0,1.0,5.0,2.0,1.0
5051,222.0,6.879729729729729,2016-17,2.5,9.25,7.41,GRADO EN INGENIERÍA TELEMÁTICA (BOE 20-04-2011),6.0,5.4,6.3,6.2,2.0,1.0,1.0,1.0,2.0,2.0,1.0,1.0,4.0,1.0,2.0,1.0,4.0,4.0,2.0,1.0
5051,226.0,7.746902654867257,2016-17,7.3,8.6,7.86,GRADO EN INGENIERÍA TELEMÁTICA (BOE 20-04-2011),9.0,5.8,5.6,7.5,1.0,1.0,1.0,1.0,1.0,2.0,1.0,1.0,1.0,2.0,1.0,1.0,1.0,4.0,1.0,1.0
5051,239.0,8.724686192468619,2016-17,9.6,5.0,7.99,GRADO EN INGENIERÍA TELEMÁTICA (BOE 20-04-2011),10.0,7.8,6.3,8.0,1.0,1.0,1.0,1.0,1.0,1.0,1.0,1.0,1.0,1.0,1.0,1.0,1.0,1.0,1.0,1.0
5051,234.0,7.1626068376068375,2016-17,5.0,9.15,8.17,GRADO EN INGENIERÍA TELEMÁTICA (BOE 20-04-2011),7.0,5.5,6.4,7.5,1.0,1.0,1.0,1.0,1.0,1.0,1.0,1.0,1.0,2.0,1.0,2.0,1.0,2.0,1.0,2.0
5051,123.0,6.6536585365853655,2016-17,4.7,1.25,7.85,GRADO EN INGENIERÍA TELEMÁTICA (BOE 20-04-2011),6.1,6.3,5.0,,1.0,1.0,1.0,,3.0,2.0,2.0,,1.0,1.0,1.0,,8.0,4.0,3.0,
5051,204.0,6.286029411764705,2016-17,5.0,1.25,6.25,GRADO EN INGENIERÍA TELEMÁTICA (BOE 20-04-2011),7.0,5.0,5.3,5.4,1.0,1.0,1.0,1.0,1.0,1.0,1.0,3.0,1.0,2.0,2.0,2.0,1.0,2.0,2.0,6.0
5051,162.0,6.817592592592593,2016-17,,5.0,6.59,GRADO EN INGENIERÍA TELEMÁTICA (BOE 20-04-2011),,5.8,,5.7,,1.0,,3.0,,2.0,,3.0,,3.0,,7.0,,4.0,,7.0
5051,139.5,6.6967741935483875,2016-17,7.8,7.5,7.04,GRADO EN INGENIERÍA TELEMÁTICA (BOE 20-04-2011),5.5,7.0,,6.0,1.0,1.0,,1.0,1.0,1.0,,1.0,1.0,2.0,,1.0,1.0,2.0,,1.0
5051,150.0,7.24,2016-17,5.0,8.0,6.85,GRADO EN INGENIERÍA TELEMÁTICA (BOE 20-04-2011),,6.3,,5.5,,1.0,,1.0,,2.0,,1.0,,3.0,,2.0,,4.0,,2.0
5051,144.0,6.714583333333334,2016-17,7.2,8.0,6.65,GRADO EN INGENIERÍA TELEMÁTICA (BOE 20-04-2011),,5.3,,6.6,,1.0,,3.0,,1.0,,3.0,,2.0,,7.0,,2.0,,7.0
5051,168.0,7.339285714285714,2017-18,6.3,8.7,7.81,GRADO EN INGENIERÍA TELEMÁTICA (BOE 20-04-2011),,6.3,,7.9,,1.0,,1.0,,1.0,,1.0,,1.0,,1.0,,1.0,,1.0
5051,180.0,7.418333333333333,2016-17,4.18,3.38,6.85,GRADO EN INGENIERÍA TELEMÁTICA (BOE 20-04-2011),,6.6,,5.8,,1.0,,1.0,,1.0,,1.0,,2.0,,1.0,,2.0,,1.0
5051,175.5,6.193162393162393,2016-17,,,6.02,GRADO EN INGENIERÍA TELEMÁTICA (BOE 20-04-2011),5.0,5.0,5.1,5.7,2.0,1.0,2.0,2.0,2.0,3.0,2.0,2.0,4.0,1.0,5.0,4.0,4.0,6.0,5.0,4.0
5051,222.0,6.810135135135135,2016-17,3.8,1.75,5.84,GRADO EN INGENIERÍA TELEMÁTICA (BOE 20-04-2011),6.2,5.1,5.0,6.3,1.0,1.0,1.0,1.0,1.0,2.0,1.0,1.0,1.0,2.0,1.0,1.0,1.0,5.0,1.0,1.0
5051,180.0,6.474166666666666,2016-17,6.4,2.75,5.92,GRADO EN INGENIERÍA TELEMÁTICA (BOE 20-04-2011),6.5,,6.0,,1.0,,1.0,,1.0,,2.0,,1.0,,2.0,,1.0,,5.0,
5051,192.0,6.87109375,2016-17,,4.0,6.63,GRADO EN INGENIERÍA TELEMÁTICA (BOE 20-04-2011),7.4,7.0,5.4,5.8,2.0,2.0,1.0,1.0,2.0,2.0,1.0,1.0,4.0,4.0,1.0,2.0,4.0,4.0,1.0,2.0
5051,120.0,6.84,2017-18,5.0,6.95,7.54,GRADO EN INGENIERÍA TELEMÁTICA (BOE 20-04-2011),6.0,5.2,7.4,6.3,1.0,1.0,1.0,1.0,1.0,1.0,1.0,1.0,1.0,2.0,1.0,1.0,1.0,2.0,1.0,1.0
5051,222.0,8.200000000000001,2017-18,5.75,7.5,7.99,GRADO EN INGENIERÍA TELEMÁTICA (BOE 20-04-2011),8.3,5.0,7.1,7.1,1.0,1.0,1.0,1.0,1.0,1.0,1.0,1.0,1.0,1.0,1.0,1.0,1.0,1.0,1.0,1.0
5051,216.0,7.520138888888888,2017-18,5.8,7.4,6.91,GRADO EN INGENIERÍA TELEMÁTICA (BOE 20-04-2011),6.1,7.3,5.3,7.4,1.0,2.0,2.0,1.0,1.0,2.0,3.0,2.0,1.0,5.0,5.0,1.0,1.0,5.0,6.0,4.0
5051,154.5,6.475728155339806,2017-18,5.5,7.5,8.4,GRADO EN INGENIERÍA TELEMÁTICA (BOE 20-04-2011),7.5,,6.0,5.6,1.0,,1.0,2.0,1.0,,2.0,2.0,2.0,,2.0,4.0,2.0,,3.0,4.0
5051,206.0,7.624757281553398,2017-18,3.75,4.75,7.43,GRADO EN INGENIERÍA TELEMÁTICA (BOE 20-04-2011),10.0,5.0,5.0,7.8,1.0,1.0,1.0,1.0,1.0,1.0,1.0,1.0,1.0,1.0,1.0,1.0,1.0,1.0,1.0,1.0
5051,228.0,7.123026315789473,2017-18,5.75,3.5,7.01,GRADO EN INGENIERÍA TELEMÁTICA (BOE 20-04-2011),10.0,5.0,6.3,5.8,1.0,2.0,1.0,1.0,1.0,2.0,2.0,2.0,1.0,5.0,1.0,1.0,1.0,5.0,3.0,4.0
5051,234.0,8.36923076923077,2017-18,8.55,5.2,,GRADO EN INGENIERÍA TELEMÁTICA (BOE 20-04-2011),9.3,7.6,8.6,9.4,1.0,1.0,1.0,1.0,1.0,1.0,1.0,1.0,1.0,1.0,1.0,1.0,1.0,1.0,1.0,1.0
5051,120.0,6.895,2017-18,7.25,7.5,8.53,GRADO EN INGENIERÍA TELEMÁTICA (BOE 20-04-2011),5.5,5.2,6.0,8.0,1.0,1.0,1.0,1.0,1.0,1.0,1.0,1.0,1.0,2.0,1.0,1.0,1.0,2.0,1.0,1.0
5051,202.5,7.11037037037037,2017-18,,4.5,7.61,GRADO EN INGENIERÍA TELEMÁTICA (BOE 20-04-2011),7.0,5.4,5.7,5.0,1.0,1.0,1.0,1.0,1.0,3.0,1.0,1.0,2.0,2.0,2.0,1.0,2.0,7.0,2.0,1.0
5051,223.0,7.160986547085202,2017-18,6.7,8.15,7.5,GRADO EN INGENIERÍA TELEMÁTICA (BOE 20-04-2011),10.0,7.5,5.2,6.0,1.0,1.0,1.0,1.0,1.0,2.0,1.0,2.0,1.0,1.0,1.0,1.0,1.0,5.0,1.0,3.0
5051,184.5,6.397560975609756,2017-18,5.0,6.13,6.72,GRADO EN INGENIERÍA TELEMÁTICA (BOE 20-04-2011),6.0,,5.9,5.2,1.0,,1.0,1.0,1.0,,1.0,3.0,1.0,,2.0,2.0,1.0,,2.0,6.0
5051,224.0,7.452008928571429,2017-18,7.15,6.3,8.38,GRADO EN INGENIERÍA TELEMÁTICA (BOE 20-04-2011),7.5,5.0,5.1,7.0,1.0,1.0,1.0,1.0,1.0,1.0,1.0,1.0,1.0,1.0,1.0,1.0,1.0,1.0,1.0,1.0
5051,136.5,6.3428571428571425,2017-18,2.0,6.2,6.41,GRADO EN INGENIERÍA TELEMÁTICA (BOE 20-04-2011),7.5,,5.0,,1.0,,1.0,,1.0,,1.0,,1.0,,1.0,,1.0,,1.0,
5051,144.0,6.230208333333334,2017-18,3.3,3.1,6.24,GRADO EN INGENIERÍA TELEMÁTICA (BOE 20-04-2011),6.0,,6.0,5.0,1.0,,1.0,1.0,1.0,,1.0,1.0,1.0,,2.0,2.0,1.0,,2.0,2.0
5051,132.0,7.239772727272727,2017-18,2.5,5.0,6.5,GRADO EN INGENIERÍA TELEMÁTICA (BOE 20-04-2011),,5.5,,7.3,,1.0,,1.0,,1.0,,1.0,,1.0,,1.0,,1.0,,1.0
5051,136.5,6.7263736263736265,2017-18,7.2,4.0,5.84,GRADO EN INGENIERÍA TELEMÁTICA (BOE 20-04-2011),,5.7,,5.6,,1.0,,1.0,,1.0,,2.0,,1.0,,1.0,,1.0,,4.0
5051,130.5,7.155172413793103,2017-18,,3.25,6.84,GRADO EN INGENIERÍA TELEMÁTICA (BOE 20-04-2011),,5.2,,7.6,,1.0,,1.0,,1.0,,1.0,,1.0,,1.0,,1.0,,1.0
5051,126.0,6.769047619047619,2017-18,8.7,3.75,6.07,GRADO EN INGENIERÍA TELEMÁTICA (BOE 20-04-2011),,7.0,,5.0,,1.0,,1.0,,1.0,,1.0,,1.0,,1.0,,1.0,,1.0
5051,150.0,7.221000000000001,2017-18,7.15,6.25,7.18,GRADO EN INGENIERÍA TELEMÁTICA (BOE 20-04-2011),,5.9,,7.8,,1.0,,1.0,,1.0,,1.0,,1.0,,1.0,,1.0,,1.0
5051,132.0,6.5249999999999995,2017-18,,4.5,7.82,GRADO EN INGENIERÍA TELEMÁTICA (BOE 20-04-2011),,,5.3,6.7,,,1.0,1.0,,,1.0,1.0,,,2.0,1.0,,,2.0,1.0
5051,126.0,6.582142857142857,2017-18,5.0,6.75,7.03,GRADO EN INGENIERÍA TELEMÁTICA (BOE 20-04-2011),,5.4,,5.8,,2.0,,2.0,,2.0,,2.0,,6.0,,3.0,,6.0,,3.0
5051,144.0,6.620833333333334,2017-18,,6.25,7.65,GRADO EN INGENIERÍA TELEMÁTICA (BOE 20-04-2011),,5.1,,5.0,,3.0,,1.0,,5.0,,2.0,,9.0,,1.0,,12.0,,3.0
5051,187.5,6.9776,2017-18,5.0,5.0,6.48,GRADO EN INGENIERÍA TELEMÁTICA (BOE 20-04-2011),9.0,5.5,6.6,5.3,1.0,1.0,1.0,3.0,1.0,3.0,1.0,3.0,1.0,2.0,2.0,6.0,1.0,7.0,2.0,6.0
5051,232.0,8.238793103448277,2018-19,8.8,8.5,9.36,GRADO EN INGENIERÍA TELEMÁTICA (BOE 20-04-2011),8.0,7.0,6.2,7.3,1.0,1.0,1.0,1.0,1.0,1.0,1.0,1.0,1.0,2.0,1.0,1.0,1.0,2.0,1.0,1.0
5051,214.0,7.030140186915888,2018-19,6.1,7.75,7.06,GRADO EN INGENIERÍA TELEMÁTICA (BOE 20-04-2011),6.0,6.4,5.0,5.8,1.0,1.0,1.0,1.0,1.0,2.0,2.0,1.0,1.0,2.0,1.0,1.0,1.0,4.0,3.0,1.0
5051,192.0,7.0796874999999995,2018-19,7.1,8.75,8.07,GRADO EN INGENIERÍA TELEMÁTICA (BOE 20-04-2011),8.0,6.1,6.1,5.5,1.0,1.0,1.0,1.0,1.0,2.0,1.0,1.0,1.0,2.0,1.0,1.0,1.0,5.0,1.0,1.0
5051,240.0,8.6225,2018-19,5.1,10.0,9.57,GRADO EN INGENIERÍA TELEMÁTICA (BOE 20-04-2011),10.0,7.3,7.4,8.0,1.0,1.0,1.0,1.0,1.0,1.0,1.0,1.0,1.0,1.0,1.0,1.0,1.0,1.0,1.0,1.0
5051,198.0,6.919696969696969,2018-19,5.6,8.0,6.9,GRADO EN INGENIERÍA TELEMÁTICA (BOE 20-04-2011),8.0,7.0,5.8,6.2,1.0,1.0,1.0,1.0,1.0,2.0,1.0,2.0,1.0,2.0,2.0,2.0,1.0,4.0,2.0,3.0
5051,175.5,6.796581196581196,2018-19,7.0,7.75,7.29,GRADO EN INGENIERÍA TELEMÁTICA (BOE 20-04-2011),6.1,6.0,5.3,5.0,1.0,1.0,1.0,1.0,1.0,1.0,1.0,2.0,2.0,3.0,1.0,2.0,2.0,3.0,1.0,4.0
5051,228.0,8.101973684210526,2018-19,5.95,9.5,7.98,GRADO EN INGENIERÍA TELEMÁTICA (BOE 20-04-2011),9.3,5.7,8.3,5.5,1.0,1.0,1.0,1.0,1.0,1.0,1.0,1.0,1.0,1.0,1.0,2.0,1.0,1.0,1.0,2.0
5051,204.0,7.035294117647059,2018-19,8.0,8.5,7.81,GRADO EN INGENIERÍA TELEMÁTICA (BOE 20-04-2011),9.0,5.5,6.6,5.4,1.0,1.0,1.0,1.0,1.0,2.0,1.0,1.0,1.0,2.0,2.0,1.0,1.0,4.0,2.0,1.0
5051,216.0,7.459722222222222,2018-19,5.6,9.75,8.39,GRADO EN INGENIERÍA TELEMÁTICA (BOE 20-04-2011),10.0,7.0,8.5,5.9,1.0,1.0,1.0,1.0,1.0,2.0,1.0,2.0,1.0,2.0,2.0,2.0,1.0,5.0,2.0,3.0
5051,192.0,7.71484375,2018-19,5.0,9.75,8.49,GRADO EN INGENIERÍA TELEMÁTICA (BOE 20-04-2011),9.0,6.6,5.0,6.0,1.0,1.0,1.0,1.0,1.0,2.0,1.0,1.0,1.0,2.0,1.0,1.0,1.0,4.0,1.0,1.0
5051,210.0,7.409999999999999,2018-19,2.7,9.25,7.68,GRADO EN INGENIERÍA TELEMÁTICA (BOE 20-04-2011),8.3,5.4,7.2,5.0,1.0,1.0,1.0,1.0,1.0,1.0,1.0,1.0,1.0,1.0,1.0,1.0,1.0,1.0,1.0,1.0
5051,240.0,9.17375,2018-19,10.0,10.0,9.68,GRADO EN INGENIERÍA TELEMÁTICA (BOE 20-04-2011),10.0,9.5,9.2,9.0,1.0,1.0,1.0,1.0,1.0,1.0,1.0,1.0,1.0,1.0,1.0,1.0,1.0,1.0,1.0,1.0
5051,210.0,7.452619047619048,2018-19,,10.0,8.14,GRADO EN INGENIERÍA TELEMÁTICA (BOE 20-04-2011),9.0,6.1,5.0,7.5,1.0,1.0,1.0,1.0,1.0,1.0,1.0,1.0,1.0,1.0,1.0,1.0,1.0,1.0,1.0,1.0
5051,210.0,6.8792857142857144,2018-19,,6.0,7.12,GRADO EN INGENIERÍA TELEMÁTICA (BOE 20-04-2011),7.0,5.3,7.0,5.0,1.0,1.0,1.0,1.0,1.0,1.0,1.0,1.0,1.0,3.0,1.0,1.0,1.0,3.0,1.0,1.0
5051,210.0,6.685714285714286,2018-19,,8.25,7.44,GRADO EN INGENIERÍA TELEMÁTICA (BOE 20-04-2011),7.0,5.0,6.1,5.3,1.0,1.0,1.0,1.0,1.0,1.0,1.0,1.0,1.0,3.0,1.0,1.0,1.0,3.0,1.0,1.0
5051,120.0,8.075,2018-19,5.4,8.75,8.38,GRADO EN INGENIERÍA TELEMÁTICA (BOE 20-04-2011),8.5,8.0,7.9,8.2,1.0,1.0,1.0,1.0,1.0,1.0,1.0,1.0,1.0,1.0,1.0,1.0,1.0,1.0,1.0,1.0
5051,240.0,8.81125,2018-19,8.0,9.0,8.54,GRADO EN INGENIERÍA TELEMÁTICA (BOE 20-04-2011),9.0,8.1,8.7,8.4,1.0,1.0,1.0,1.0,1.0,1.0,1.0,1.0,1.0,1.0,1.0,1.0,1.0,1.0,1.0,1.0
5051,192.0,7.065625,2018-19,3.0,8.5,7.72,GRADO EN INGENIERÍA TELEMÁTICA (BOE 20-04-2011),6.5,5.0,5.0,5.1,1.0,1.0,1.0,1.0,1.0,1.0,1.0,2.0,1.0,3.0,2.0,1.0,1.0,3.0,2.0,3.0
5051,210.0,7.137142857142857,2018-19,6.3,8.75,7.66,GRADO EN INGENIERÍA TELEMÁTICA (BOE 20-04-2011),7.0,5.0,5.4,6.4,1.0,1.0,1.0,1.0,1.0,2.0,1.0,1.0,1.0,1.0,1.0,1.0,1.0,4.0,1.0,1.0
5051,126.0,6.2976190476190474,2018-19,1.0,5.75,6.67,GRADO EN INGENIERÍA TELEMÁTICA (BOE 20-04-2011),6.4,5.0,5.0,5.0,1.0,1.0,1.0,1.0,2.0,2.0,2.0,2.0,3.0,3.0,1.0,2.0,4.0,5.0,4.0,4.0
5051,151.5,6.352475247524752,2018-19,1.9,4.63,6.65,GRADO EN INGENIERÍA TELEMÁTICA (BOE 20-04-2011),5.0,,5.5,,1.0,,1.0,,1.0,,2.0,,3.0,,2.0,,3.0,,4.0,
5051,124.5,6.83855421686747,2018-19,5.6,5.0,6.7,GRADO EN INGENIERÍA TELEMÁTICA (BOE 20-04-2011),,5.1,,6.5,,1.0,,1.0,,2.0,,1.0,,3.0,,1.0,,4.0,,1.0
5051,129.0,7.47906976744186,2018-19,,,6.44,GRADO EN INGENIERÍA TELEMÁTICA (BOE 20-04-2011),8.0,5.8,,5.3,1.0,1.0,,1.0,1.0,1.0,,1.0,1.0,3.0,,1.0,1.0,3.0,,1.0
5051,129.0,6.909302325581395,2018-19,1.8,2.75,6.1,GRADO EN INGENIERÍA TELEMÁTICA (BOE 20-04-2011),,6.2,,,,1.0,,,,1.0,,,,2.0,,,,2.0,,
5051,138.0,7.391304347826087,2018-19,3.0,7.4,8.42,GRADO EN INGENIERÍA TELEMÁTICA (BOE 20-04-2011),,5.7,,,,1.0,,,,1.0,,,,1.0,,,,1.0,,
5051,126.0,6.967857142857143,2018-19,7.2,9.25,7.67,GRADO EN INGENIERÍA TELEMÁTICA (BOE 20-04-2011),,6.0,,5.8,,1.0,,1.0,,1.0,,2.0,,2.0,,1.0,,2.0,,3.0
5051,144.0,7.331250000000001,2018-19,6.2,6.75,7.14,GRADO EN INGENIERÍA TELEMÁTICA (BOE 20-04-2011),,5.6,,7.0,,2.0,,2.0,,4.0,,3.0,,6.0,,4.0,,9.0,,7.0
5051,138.0,6.889130434782609,2018-19,7.6,9.25,8.66,GRADO EN INGENIERÍA TELEMÁTICA (BOE 20-04-2011),,5.0,,6.3,,1.0,,1.0,,3.0,,2.0,,2.0,,1.0,,7.0,,4.0
5051,148.5,6.5464646464646465,2018-19,0.8,4.0,5.23,GRADO EN INGENIERÍA TELEMÁTICA (BOE 20-04-2011),,5.0,,7.0,,1.0,,1.0,,3.0,,1.0,,1.0,,1.0,,7.0,,1.0
5051,123.0,6.432926829268292,2018-19,3.7,7.25,8.27,GRADO EN INGENIERÍA TELEMÁTICA (BOE 20-04-2011),,5.0,,7.0,,1.0,,1.0,,1.0,,1.0,,1.0,,1.0,,1.0,,1.0
5051,180.0,7.948333333333333,2019-20,,10.0,8.13,GRADO EN INGENIERÍA TELEMÁTICA (BOE 20-04-2011),10.0,6.5,7.7,8.5,1.0,1.0,1.0,1.0,1.0,1.0,1.0,1.0,1.0,1.0,1.0,1.0,1.0,1.0,1.0,1.0
5051,122.5,6.9432653061224485,2019-20,6.9,5.0,7.01,GRADO EN INGENIERÍA TELEMÁTICA (BOE 20-04-2011),7.4,,6.6,,1.0,,1.0,,1.0,,1.0,,1.0,,1.0,,1.0,,1.0,
5051,142.5,6.334736842105263,2019-20,5.7,6.0,6.62,GRADO EN INGENIERÍA TELEMÁTICA (BOE 20-04-2011),8.0,7.0,5.7,,1.0,1.0,1.0,,1.0,1.0,1.0,,1.0,2.0,1.0,,1.0,2.0,1.0,
5051,162.0,6.893518518518518,2019-20,7.6,9.5,8.19,GRADO EN INGENIERÍA TELEMÁTICA (BOE 20-04-2011),8.5,,6.5,,1.0,,1.0,,1.0,,1.0,,1.0,,1.0,,1.0,,1.0,
5051,138.0,7.019565217391305,2019-20,,6.0,7.78,GRADO EN INGENIERÍA TELEMÁTICA (BOE 20-04-2011),9.5,,5.2,,1.0,,1.0,,1.0,,1.0,,1.0,,2.0,,1.0,,2.0,
5051,132.0,7.232954545454546,2019-20,7.4,8.5,9.09,GRADO EN INGENIERÍA TELEMÁTICA (BOE 20-04-2011),9.0,5.0,7.6,5.6,1.0,1.0,1.0,1.0,1.0,1.0,1.0,1.0,1.0,2.0,1.0,2.0,1.0,2.0,1.0,2.0
5051,130.5,6.360919540229885,2019-20,,6.5,7.75,GRADO EN INGENIERÍA TELEMÁTICA (BOE 20-04-2011),7.0,6.3,5.0,5.4,1.0,1.0,1.0,1.0,1.0,1.0,1.0,2.0,3.0,2.0,1.0,2.0,3.0,2.0,1.0,3.0
5051,144.5,6.659515570934256,2019-20,7.4,6.5,8.37,GRADO EN INGENIERÍA TELEMÁTICA (BOE 20-04-2011),7.3,7.0,5.8,5.1,1.0,1.0,1.0,1.0,1.0,1.0,1.0,1.0,1.0,2.0,2.0,2.0,1.0,2.0,2.0,2.0
5051,136.5,6.594505494505494,2019-20,8.1,4.08,6.77,GRADO EN INGENIERÍA TELEMÁTICA (BOE 20-04-2011),8.0,5.2,5.7,,1.0,1.0,1.0,,1.0,1.0,1.0,,2.0,2.0,1.0,,2.0,2.0,1.0,
5051,120.0,7.04,2020-21,5.4,6.0,8.13,GRADO EN INGENIERÍA TELEMÁTICA (BOE 20-04-2011),5.8,7.1,5.9,7.0,1.0,1.0,1.0,1.0,1.0,1.0,1.0,1.0,1.0,1.0,1.0,1.0,1.0,1.0,1.0,1.0
5051,120.0,7.930000000000001,2020-21,4.4,9.0,8.34,GRADO EN INGENIERÍA TELEMÁTICA (BOE 20-04-2011),5.6,9.5,7.2,9.0,1.0,1.0,1.0,1.0,1.0,1.0,1.0,1.0,1.0,1.0,1.0,1.0,1.0,1.0,1.0,1.0
5051,120.0,7.444999999999999,2020-21,7.9,9.25,8.32,GRADO EN INGENIERÍA TELEMÁTICA (BOE 20-04-2011),7.4,7.8,5.6,7.0,1.0,1.0,1.0,1.0,1.0,1.0,1.0,1.0,1.0,1.0,1.0,1.0,1.0,1.0,1.0,1.0
